,name_last,name_first,key_mlbam,spin_low_conf,spin_high_conf,spin_difference_conf,%k conf_low,%k conf_high,%k difference_conf,%K mean,spin rate mean
0,abad,fernando,472551,2392.026,2459.3655,67.33957,0.059028473,0.09945295,0.04042448,0.07924071,2425.6958
1,abbott,cory,676265,2117.337,2175.7869,58.449783,0.056047015,0.08875154,0.03270453,0.07239927,2146.562
2,abreu,albert,656061,2197.6128,2229.5535,31.9406,0.022403017,0.029337388,0.0069343704,0.025870202,2213.5833
3,abreu,bryan,650556,1812.4272,1893.7249,81.29759,0.075438075,0.11104268,0.035604607,0.09324038,1853.076
4,acevedo,domingo,642758,2039.1058,2070.7192,31.613514,0.013974734,0.016875649,0.002900915,0.01542519,2054.9126
5,adam,jason,592094,2008.8179,2044.1726,35.354744,0.01757521,0.022271432,0.004696222,0.01992332,2026.4952
6,adams,austin,613534,2480.5237,2511.509,30.985441,0.012246121,0.014599928,0.0023538063,0.013423024,2496.0164
7,aguilar,miguel,620396,2089.7231,2122.2466,32.523346,0.04810486,0.09745545,0.049350593,0.072780155,2105.9849
8,akin,keegan,669211,2101.8296,2121.8977,20.068031,0.013456486,0.015906861,0.002450374,0.014681674,2111.8635
9,alaniz,r. j.,595798,2068.0308,2100.9133,32.882698,0.0143301245,0.017723883,0.0033937579,0.016027004,2084.472
10,albers,andrew,452027,2201.2007,2261.689,60.488277,0.09596947,0.14435476,0.0483853,0.120162115,2231.4448
11,alcala,jorge,660896,2468.1255,2513.3176,45.191967,0.0725519,0.114470296,0.041918397,0.0935111,2490.7214
12,alcantara,sandy,645261,2086.293,2167.9822,81.68934,0.015437899,0.018295476,0.0028575775,0.016866688,2127.1375
13,alcantara,sergio,642727,1933.6267,2032.8392,99.21259,0.014265542,0.017627936,0.0033623932,0.015946738,1983.233
14,alexander,tyler,641302,2551.6401,2628.8933,77.25315,0.0537695,0.08367751,0.029908007,0.0687235,2590.2666
15,alexy,a. j.,669935,2442.7588,2482.447,39.68832,0.011092693,0.013510043,0.00241735,0.012301368,2462.6028
16,allard,kolby,663465,2019.1433,2075.7444,56.600956,0.04584507,0.07544588,0.029600812,0.060645476,2047.4438
17,allen,logan,663531,2078.8386,2124.767,45.928562,0.053823303,0.09680917,0.042985864,0.075316235,2101.8027
18,almonte,yency,622075,2346.585,2380.8052,34.220352,0.01362611,0.015883995,0.002257886,0.0147550525,2363.695
19,alvarado,jose,621237,2199.858,2257.3123,57.45438,0.016141647,0.019516472,0.0033748236,0.01782906,2228.5852
20,alvarez,jose,501625,2335.7751,2368.168,32.392735,0.0139428275,0.016577477,0.0026346496,0.015260152,2351.9717
21,alzolay,adbert,640470,2707.9622,2749.9048,41.94274,0.011084586,0.013435372,0.002350786,0.012259979,2728.9336
22,anderson,brett,474463,1889.3064,1942.8568,53.550438,0.06411402,0.09847658,0.03436256,0.0812953,1916.0815
23,anderson,chase,502624,1599.0426,1710.2356,111.19297,0.0127873765,0.015394376,0.0026069987,0.014090876,1654.639
24,anderson,drew,623454,2220.8174,2294.6692,73.851875,0.058874343,0.09728275,0.038408406,0.078078546,2257.7434
25,anderson,ian,666120,2347.681,2386.694,39.01318,0.013000298,0.015272952,0.0022726534,0.0141366245,2367.1875
26,anderson,nick,623433,2125.1736,2177.2312,52.057816,0.07166011,0.11037164,0.038711537,0.091015875,2151.2024
27,anderson,shaun,641312,2010.8362,2076.4685,65.63223,0.014527178,0.017280338,0.002753161,0.015903758,2043.6523
28,anderson,tanner,664196,1889.1478,1921.0732,31.925379,0.076431535,0.12661919,0.05018765,0.10152536,1905.1106
29,anderson,tyler,542881,1947.0369,2021.0646,74.027794,0.06568406,0.09735533,0.031671274,0.08151969,1984.0508
30,andriese,matt,542882,1765.0137,1796.7864,31.772755,0.0060580443,0.007952506,0.0018944616,0.0070052748,1780.9
31,antone,tejay,622088,2081.33,2112.3186,30.98857,0.013635777,0.01637338,0.0027376015,0.015004578,2096.8242
32,arauz,jonathan,660620,2058.5012,2111.8855,53.384205,0.06966387,0.109942645,0.040278774,0.089803256,2085.1934
33,archer,chris,502042,2300.6023,2325.2698,24.667593,0.013886604,0.016776351,0.0028897459,0.015331478,2312.936
34,arihara,kohei,685503,2352.6985,2391.7014,39.00298,0.07320991,0.11012641,0.036916498,0.091668166,2372.2
35,armstrong,shawn,542888,2505.1345,2535.562,30.427631,0.01821566,0.02258955,0.0043738894,0.020402605,2520.3481
36,arrieta,jake,453562,2006.3092,2035.2495,28.9404,0.012806292,0.015141355,0.0023350634,0.013973823,2020.7794
37,ashby,aaron,676879,1873.4053,1986.2761,112.87091,0.010319916,0.012554273,0.0022343579,0.011437094,1929.8407
38,astudillo,willians,553902,1366.4183,1467.0817,100.66338,0.0040148413,0.00545786,0.0014430182,0.004736351,1416.75
39,avila,pedro,658648,2288.0266,2357.2988,69.272026,0.013698591,0.01624545,0.0025468592,0.014972021,2322.6628
40,axford,john,446099,2362.4275,2407.2773,44.85,0.0135310255,0.016398666,0.002867641,0.014964846,2384.8525
41,baez,pedro,520980,1986.6973,2081.492,94.79454,0.08648284,0.13819656,0.051713727,0.1123397,2034.0946
42,baker,bryan,641329,2138.4795,2194.8984,56.418926,0.014564378,0.017816002,0.003251623,0.01619019,2166.689
43,baldonado,alberto,593604,2075.7637,2149.5852,73.82149,0.014312245,0.017252803,0.0029405577,0.015782524,2112.6746
44,banda,anthony,607455,1717.032,1784.4912,67.459175,0.07592696,0.1260216,0.05009463,0.10097427,1750.7616
45,baragar,caleb,670056,2062.5317,2127.9446,65.41273,0.09081364,0.11054691,0.019733269,0.10068027,2095.238
46,bard,daniel,453268,2574.5676,2598.6707,24.103132,0.022341428,0.028905611,0.006564183,0.025623519,2586.6191
47,barlow,joe,669618,2531.1287,2554.6956,23.566744,0.08308994,0.13455345,0.051463507,0.1088217,2542.912
48,barlow,scott,605130,2070.653,2091.722,21.068863,0.013080865,0.015852895,0.002772029,0.014466879,2081.1875
49,barnes,charlie,656212,2122.7004,2166.605,43.90449,0.055983573,0.09340918,0.037425607,0.07469638,2144.6526
50,barnes,jacob,606930,2491.4282,2558.0098,66.58167,0.013242754,0.015811268,0.002568514,0.014527011,2524.719
51,barnes,matt,598264,2276.3477,2295.8464,19.498865,0.045657784,0.08320415,0.03754637,0.06443097,2286.097
52,barraclough,kyle,607457,1848.6191,1883.2313,34.612225,0.012770987,0.015548086,0.002777099,0.014159536,1865.9253
53,barreda,manny,518435,2302.2146,2339.119,36.90432,0.010899572,0.013276092,0.0023765196,0.012087832,2320.6667
54,barria,jaime,642545,2434.2065,2479.141,44.93438,0.012564851,0.015055792,0.0024909412,0.013810322,2456.6738
55,bass,anthony,542914,1939.889,2007.4629,67.573814,0.01618809,0.01980243,0.00361434,0.01799526,1973.676
56,bassitt,chris,605135,1949.5912,2003.7515,54.160324,0.021768766,0.027947063,0.0061782957,0.024857914,1976.6714
57,baumann,mike,657508,1873.5541,1899.5603,26.006155,0.06654081,0.10167786,0.03513705,0.08410933,1886.5573
58,baz,shane,669358,1916.1354,1976.4738,60.33844,0.025555464,0.053298794,0.027743328,0.039427128,1946.3046
59,bednar,david,670280,1904.1973,1940.9563,36.758987,0.013315792,0.016190972,0.0028751798,0.014753383,1922.5768
60,bedrosian,cam,592135,2495.7668,2532.0544,36.287567,0.057932574,0.09329138,0.035358805,0.07561198,2513.9106
61,bellatti,andrew,571479,2190.7834,2231.9976,41.214012,0.08358839,0.12760049,0.044012103,0.10559444,2211.3906
62,bender,anthony,669622,2177.9688,2229.538,51.569225,0.046426613,0.07093178,0.024505166,0.058679197,2203.7534
63,benjamin,wes,605138,2568.183,2586.5757,18.392607,0.018266115,0.03203509,0.013768974,0.025150603,2577.3794
64,berrios,jose,621244,2018.865,2059.7512,40.886196,0.012469203,0.015041903,0.0025726997,0.013755553,2039.308
65,bickford,phil,641360,1943.5312,2007.1749,63.643646,0.058295853,0.09884287,0.040547013,0.07856936,1975.3531
66,bieber,shane,669456,2404.3647,2484.511,80.1462,0.06652785,0.10416453,0.037636682,0.08534619,2444.438
67,bielak,brandon,656232,2168.8652,2245.429,76.56389,0.016032083,0.01900586,0.0029737765,0.017518971,2207.1472
68,blackburn,paul,621112,1994.6891,2012.9335,18.244354,0.019145507,0.02272163,0.003576122,0.020933568,2003.8113
69,bleier,richard,542947,2332.546,2367.2222,34.676384,0.011357691,0.0138052115,0.0024475197,0.012581452,2349.884
70,blewett,scott,656240,1935.2084,1964.7175,29.509161,0.01444706,0.01801968,0.00357262,0.01623337,1949.963
71,borucki,ryan,621366,2143.0254,2167.2124,24.186947,0.027884778,0.038532253,0.010647476,0.033208515,2155.119
72,bostick,akeem,641384,2140.7117,2167.7385,27.026857,0.014875652,0.01798485,0.0031091974,0.016430251,2154.225
73,bowden,ben,641386,2105.3237,2154.6553,49.331615,0.023621479,0.031311776,0.0076902974,0.027466627,2129.9895
74,boxberger,brad,502202,1678.6918,1758.058,79.36622,0.059334695,0.096509784,0.03717509,0.07792224,1718.3749
75,boyd,matt,571510,2192.8828,2252.258,59.375298,0.009742165,0.011865258,0.002123093,0.010803712,2222.5706
76,brach,brad,542960,2271.919,2290.538,18.619179,0.011938655,0.014770719,0.0028320644,0.013354687,2281.2285
77,bradley,archie,605151,2558.1523,2620.404,62.251595,0.067310974,0.111949205,0.044638228,0.08963009,2589.2783
78,brasier,ryan,518489,1921.5465,1955.1344,33.587852,0.005850928,0.007435857,0.0015849288,0.0066433926,1938.3405
79,brault,steven,643230,2117.571,2134.9395,17.368544,0.010798965,0.013034517,0.0022355523,0.011916741,2126.2554
80,brebbia,john,605154,2201.0571,2262.6096,61.552425,0.013600443,0.016217351,0.0026169084,0.014908897,2231.8333
81,brentz,jake,641394,2187.9478,2215.9607,28.012974,0.014561074,0.01739278,0.0028317075,0.015976928,2201.9543
82,britton,zack,502154,2081.925,2137.0742,55.149254,0.057245597,0.089147836,0.03190224,0.07319672,2109.4995
83,brogdon,connor,641401,2319.0596,2333.5366,14.476915,0.013778918,0.016491035,0.0027121159,0.015134976,2326.298
84,brothers,rex,571521,2351.8975,2361.817,9.919392,0.0047203563,0.0059950454,0.0012746891,0.005357701,2356.8572
85,brubaker,jt,664141,2345.4658,2398.0261,52.560417,0.014138857,0.016933931,0.0027950746,0.015536394,2371.7458
86,bruihl,justin,677865,2200.1846,2252.9978,52.81311,0.07798639,0.12709458,0.049108196,0.102540486,2226.591
87,bubic,kris,663460,2132.536,2153.8591,21.323212,0.01196343,0.014434855,0.0024714258,0.013199142,2143.1975
88,buchter,ryan,488748,2218.504,2260.5518,42.04792,0.055046763,0.08146257,0.026415804,0.068254665,2239.5278
89,buehler,walker,621111,2388.9758,2420.6982,31.722301,0.013166024,0.015550186,0.0023841613,0.014358105,2404.837
90,bukauskas,j. b.,656266,1883.5599,1920.9006,37.340588,0.0128807435,0.015909217,0.0030284743,0.014394981,1902.2303
91,bumgarner,madison,518516,2158.2112,2197.7627,39.55156,0.057283413,0.09994169,0.042658277,0.07861255,2177.987
92,bummer,aaron,607481,2043.1277,2105.2253,62.09769,0.015279165,0.01796775,0.002688585,0.016623456,2074.1765
93,bundy,dylan,605164,2828.6096,2886.6404,58.030724,0.019334769,0.023075107,0.0037403386,0.02120494,2857.625
94,burdi,zack,641420,2379.3022,2407.7314,28.429169,0.0153943105,0.018242672,0.002848361,0.016818492,2393.5168
95,burnes,corbin,669203,2773.8289,2827.216,53.387127,0.011682675,0.013932489,0.0022498139,0.0128075825,2800.5225
96,burr,ryan,621114,2205.1697,2234.0872,28.917492,0.093456455,0.14540285,0.051946394,0.11942965,2219.6284
97,burrows,beau,663366,2261.8604,2282.11,20.249619,0.0120182,0.014374488,0.0023562873,0.0131963445,2271.9854
98,cabrera,edward,665795,2495.0427,2539.8687,44.825798,0.020562291,0.024940424,0.004378132,0.022751357,2517.4558
99,cabrera,genesis,650893,2217.6118,2264.5786,46.966675,0.010593501,0.013288455,0.0026949544,0.0119409785,2241.0952
100,camarena,dan,547176,1740.5524,1796.8715,56.319096,0.00971954,0.011857853,0.0021383127,0.010788697,1768.7119
101,campbell,paul,669294,2315.8066,2339.7578,23.951132,0.012947815,0.015147422,0.002199608,0.014047618,2327.7822
102,carlton,drew,656290,2409.6926,2491.935,82.242355,0.013924877,0.01671686,0.0027919826,0.015320869,2450.814
103,carrasco,carlos,471911,1977.5575,2025.7278,48.170277,0.032381795,0.052512955,0.020131161,0.042447373,2001.6427
104,castano,daniel,641447,1973.5231,2037.7816,64.25845,0.07324839,0.11576485,0.042516463,0.09450662,2005.6523
105,castellanos,humberto,528748,2081.6702,2096.0298,14.359767,0.01629903,0.018603148,0.0023041188,0.017451089,2088.85
106,castillo,diego,650895,2184.899,2221.608,36.708965,0.014725742,0.017881474,0.0031557328,0.016303608,2203.2534
107,castillo,luis,622491,2322.5925,2355.2314,32.63901,0.012690231,0.015442856,0.0027526245,0.014066543,2338.9119
108,castro,anthony,621593,2141.7163,2186.9832,45.26674,0.07130034,0.11786514,0.0465648,0.094582744,2164.3496
109,castro,kervin,665645,2240.755,2284.038,43.283165,0.012313481,0.014694798,0.0023813164,0.01350414,2262.3965
110,castro,miguel,612434,2352.6682,2378.7002,26.031872,0.018432159,0.022465874,0.0040337145,0.020449016,2365.6843
111,cease,dylan,656302,2061.9666,2091.0894,29.122725,0.014803316,0.017691197,0.0028878797,0.016247256,2076.5278
112,cessa,luis,570666,1974.4547,1992.3547,17.900011,0.012831449,0.015562515,0.0027310664,0.014196982,1983.4048
113,chacin,jhoulys,468504,2124.6936,2166.5933,41.899536,0.010977819,0.013453471,0.0024756517,0.012215645,2145.6433
114,chafin,andrew,605177,2397.427,2434.2476,36.820522,0.0112635195,0.013338276,0.0020747564,0.012300897,2415.8372
115,chapman,aroldis,547973,2367.8142,2426.5405,58.726185,0.060640316,0.09388495,0.033244636,0.07726263,2397.1775
116,chargois,j. t.,608638,2228.269,2259.9539,31.684666,0.019821774,0.02356795,0.0037461766,0.021694863,2244.1116
117,chatwood,tyler,543022,2336.8486,2365.1067,28.25806,0.013700981,0.016697554,0.0029965728,0.015199267,2350.9778
118,chavez,jesse,445926,2099.2358,2142.7463,43.51051,0.08386115,0.12817267,0.044311512,0.10601691,2120.991
119,cimber,adam,643256,1980.5272,2026.9097,46.382427,0.06964024,0.11950086,0.049860615,0.094570555,2003.7184
120,cishek,steve,518553,2428.0774,2443.2952,15.217844,0.027744472,0.032536715,0.0047922446,0.030140594,2435.6863
121,cisnero,jose,542585,2418.5234,2462.8962,44.372704,0.055805683,0.09326744,0.037461758,0.07453656,2440.71
122,civale,aaron,650644,1553.961,1656.5907,102.62971,0.0119284075,0.014405237,0.0024768293,0.0131668225,1605.2759
123,clarke,taylor,664199,2266.3057,2290.549,24.243519,0.012899164,0.015485731,0.0025865668,0.014192448,2278.4272
124,clase,emmanuel,661403,2098.968,2152.1934,53.225273,0.008643931,0.010522034,0.0018781032,0.009582982,2125.5806
125,clay,sam,621348,1956.5114,2010.5234,54.01208,0.06632019,0.112710156,0.046389967,0.08951517,1983.5175
126,cleavinger,garrett,664076,2368.5273,2386.5073,17.980007,0.01491811,0.017626444,0.002708333,0.016272277,2377.5173
127,clippard,tyler,461325,2325.0337,2345.5427,20.509075,0.032280385,0.06867003,0.03638964,0.050475206,2335.2883
128,cobb,alex,502171,2286.019,2348.2856,62.266735,0.0705941,0.117142424,0.04654832,0.09386826,2317.1523
129,cole,gerrit,543037,2284.521,2333.352,48.83117,0.015801907,0.018699624,0.0028977168,0.017250765,2308.9365
130,coleman,dylan,669395,2628.4382,2664.1736,35.73525,0.028376296,0.053896092,0.025519796,0.041136194,2646.306
131,colome,alex,517008,1941.3007,1978.0299,36.729263,0.048839897,0.08785697,0.039017074,0.06834844,1959.6653
132,conley,adam,543045,1852.0509,1921.8499,69.79897,0.06874082,0.10884495,0.040104132,0.08879288,1886.9504
133,contreras,roansy,672710,2378.3054,2417.2312,38.925793,0.013765032,0.016576698,0.0028116654,0.015170865,2397.7683
134,coonrod,sam,656322,2349.7449,2390.0396,40.294632,0.024946831,0.030466413,0.0055195824,0.027706623,2369.8923
135,corbin,patrick,571578,2010.0448,2051.1694,41.12477,0.012206722,0.014197468,0.0019907458,0.0132020945,2030.6072
136,cortes,nestor,641482,2221.3652,2251.7007,30.335314,0.015469729,0.020725194,0.0052554663,0.018097462,2236.533
137,cotton,jharel,605194,2391.6084,2434.555,42.94657,0.066489324,0.11266086,0.04617154,0.08957509,2413.0815
138,coulombe,danny,543056,1862.7998,1890.6188,27.818928,0.01393144,0.01838087,0.0044494285,0.016156154,1876.7094
139,cousins,jake,664776,2339.534,2385.5315,45.997505,0.0144490395,0.017095396,0.0026463575,0.015772218,2362.5327
140,crawford,kutter,676710,2028.9032,2068.9238,40.020546,0.06267767,0.11273556,0.050057903,0.08770661,2048.9136
141,crichton,stefan,592233,1933.8312,1993.1627,59.33162,0.08137859,0.13276996,0.051391378,0.107074276,1963.497
142,crismatt,nabil,622503,2021.9468,2131.9268,109.98,0.011259596,0.013402748,0.0021431528,0.012331172,2076.9368
143,criswell,cooper,681867,2569.314,2625.8174,56.503304,0.015803333,0.018543063,0.0027397303,0.017173199,2597.5657
144,crochet,garrett,676979,2121.5173,2168.547,47.029964,0.06491153,0.10600267,0.041091144,0.0854571,2145.0322
145,crouse,hans,668968,2514.6357,2548.7566,34.120773,0.014886689,0.01784447,0.0029577813,0.01636558,2531.696
146,crowe,wil,640444,1398.7389,1520.9082,122.169395,0.003425568,0.0046566734,0.0012311055,0.004041121,1459.8235
147,cueto,johnny,456501,2508.2092,2550.107,41.89763,0.013859279,0.01658513,0.0027258515,0.015222205,2529.158
148,culberson,charlie,518586,2338.018,2380.1838,42.165707,0.05259039,0.09040352,0.037813127,0.071496956,2359.1008
149,curtiss,john,595928,2500.976,2542.859,41.88275,0.014570485,0.017344993,0.0027745073,0.015957737,2521.9175
150,darvish,yu,506433,1623.9944,1714.4043,90.40991,0.012363812,0.015567446,0.0032036342,0.013965629,1669.1993
151,davies,zach,605200,2132.3647,2170.936,38.57134,0.019014644,0.02465727,0.005642626,0.021835957,2151.6504
152,davis,austin,656354,2118.1726,2156.67,38.497223,0.036187343,0.07307729,0.036889944,0.054632317,2137.4211
153,davis,wade,451584,2070.1958,2136.3613,66.1655,0.014080634,0.016883038,0.0028024046,0.015481836,2103.2786
154,de geus,brett,676969,2217.452,2271.743,54.29094,0.016059516,0.019679224,0.0036197081,0.01786937,2244.5974
155,de los santos,enyel,660853,2428.8816,2458.185,29.303604,0.016392944,0.019068558,0.002675613,0.017730752,2443.5334
156,del pozo,miguel,600887,2211.9705,2260.9514,48.980938,0.10460252,0.1676404,0.06303788,0.13612147,2236.461
157,desclafani,anthony,543101,2041.5359,2062.5496,21.013699,0.014466528,0.018075077,0.0036085488,0.016270803,2052.0427
158,detmers,reid,672282,2140.135,2163.7278,23.59285,0.0605409,0.10418946,0.043648567,0.082365185,2151.9314
159,detwiler,ross,446321,2129.5627,2210.3367,80.773926,0.011815885,0.014192208,0.0023763229,0.013004046,2169.9497
160,diaz,edwin,621242,2085.536,2118.1885,32.652542,0.013354877,0.015713228,0.0023583516,0.014534052,2101.8623
161,diaz,jhonathan,646242,2377.8467,2417.7969,39.95034,0.012171643,0.014571054,0.0023994106,0.013371348,2397.8218
162,diaz,miguel,622766,2352.5383,2392.1765,39.638115,0.061072554,0.099260986,0.03818843,0.08016677,2372.3574
163,diaz,yennsy,660546,1248.4908,1373.0647,124.57388,0.0049074623,0.0067135096,0.0018060472,0.0058104857,1310.7778
164,dickson,brandon,505447,2184.8025,2241.0098,56.207245,0.048376318,0.0951849,0.04680858,0.07178061,2212.9062
165,diekman,jake,518617,2291.444,2337.0906,45.646664,0.015027568,0.01867792,0.0036503526,0.016852744,2314.2673
166,difo,wilmer,594694,2226.8623,2257.8386,30.976477,0.020519806,0.054248046,0.03372824,0.037383925,2242.3503
167,diplan,marcos,650959,931.1925,1083.4075,152.21497,0.012324238,0.014534565,0.0022103263,0.013429401,1007.3
168,dobnak,randy,677976,2227.3938,2250.7002,23.306364,0.07051853,0.113075994,0.042557463,0.09179726,2239.047
169,dohy,kyle,675971,2286.7075,2331.5815,44.873985,0.08525438,0.13433668,0.049082298,0.109795526,2309.1445
170,dolis,rafael,503569,2322.6028,2338.0142,15.411501,0.01385657,0.01651006,0.0026534905,0.015183316,2330.3086
171,doolittle,sean,448281,1872.2087,1892.0605,19.851753,0.013278422,0.015677247,0.0023988248,0.014477834,1882.1346
172,doval,camilo,666808,2365.5344,2389.2417,23.70714,0.0128623955,0.015669474,0.0028070789,0.014265935,2377.388
173,drury,brandon,592273,2293.2444,2362.4092,69.16478,0.028639808,0.04279119,0.014151381,0.035715498,2327.8267
174,duffey,tyler,608648,2326.304,2350.9333,24.629366,0.016625227,0.020870931,0.0042457036,0.018748078,2338.6187
175,dugger,robert,667498,2057.523,2093.6755,36.152733,0.01641145,0.021125646,0.004714196,0.018768547,2075.5994
176,dunning,dane,641540,2196.679,2244.3674,47.688484,0.014592873,0.017378649,0.002785777,0.01598576,2220.5232
177,eaton,adam,594809,2237.3386,2300.9292,63.590477,0.014325027,0.017180087,0.00285506,0.015752558,2269.134
178,effross,scott,664123,2575.5618,2640.1042,64.542336,0.034905262,0.07256604,0.03766078,0.05373565,2607.833
179,eickhoff,jerad,595191,1997.1635,2045.6255,48.462013,0.06574,0.10853048,0.042790484,0.08713523,2021.3944
180,ellis,chris,595939,2128.8042,2172.6665,43.862408,0.014450148,0.017069,0.002618854,0.015759574,2150.7354
181,enns,dietrich,608650,1948.3713,2035.9691,87.597786,0.010319075,0.012562893,0.0022438187,0.011440984,1992.1702
182,eovaldi,nathan,543135,2310.3071,2359.6929,49.385883,0.016359365,0.018511785,0.002152421,0.017435575,2335.0
183,eshelman,thomas,664045,2212.9153,2269.4182,56.503,0.010921061,0.01326425,0.002343189,0.0120926555,2241.1667
184,espinal,raynel,642659,2271.3176,2346.3018,74.9841,0.06493802,0.110636175,0.04569815,0.0877871,2308.8098
185,espino,paolo,502179,2301.951,2319.1611,17.210337,0.015432857,0.018445784,0.003012926,0.01693932,2310.556
186,estevez,carlos,608032,1906.8743,1969.8616,62.987373,0.014930403,0.018145861,0.0032154592,0.016538132,1938.3679
187,evans,demarcus,663770,2049.0132,2114.2412,65.2281,0.072680004,0.11690329,0.044223282,0.09479165,2081.6272
188,fairbanks,pete,664126,1606.7728,1682.8823,76.109535,0.008896424,0.010996428,0.002100004,0.009946426,1644.8276
189,falter,bailey,663559,2520.6465,2579.808,59.161686,0.014723741,0.017145734,0.0024219917,0.015934737,2550.2273
190,familia,jeurys,544727,1847.2166,1932.445,85.22843,0.056122012,0.10866478,0.05254277,0.08239339,1889.8308
191,faria,jake,607188,2089.7295,2161.4038,71.67444,0.01283612,0.016112547,0.0032764268,0.014474333,2125.5667
192,farmer,buck,571656,1980.8154,2009.5549,28.739502,0.010362919,0.012266746,0.0019038264,0.011314833,1995.1852
193,farrell,luke,608652,2115.2068,2156.6204,41.413456,0.056999106,0.09024728,0.033248175,0.073623195,2135.9136
194,fedde,erick,607200,1931.2734,2009.0908,77.8173,0.074585624,0.12211102,0.047525395,0.09834832,1970.1821
195,feliz,michael,593140,2283.7815,2321.111,37.32969,0.086673915,0.14034718,0.053673275,0.11351055,2302.4463
196,feliz,neftali,491703,2251.1838,2301.4963,50.31255,0.07159414,0.11010441,0.038510267,0.09084927,2276.34
197,feltner,ryan,663372,2644.107,2689.0605,44.953575,0.01437083,0.016880475,0.0025096454,0.015625652,2666.5837
198,fernandez,julian,642759,1643.0082,1658.1346,15.126393,0.0050181295,0.006313499,0.0012953692,0.005665814,1650.5714
199,fernandez,junior,658551,2227.5964,2250.1765,22.58024,0.014631992,0.017465783,0.002833791,0.016048888,2238.8865
200,feyereisen,j. p.,656420,2182.538,2239.3994,56.861248,0.016008,0.018468643,0.0024606427,0.017238323,2210.9688
201,finnegan,kyle,640448,2277.1216,2312.6353,35.513783,0.016405445,0.019949796,0.0035443518,0.01817762,2294.8784
202,flaherty,jack,656427,2206.2332,2232.3386,26.10546,0.07153987,0.11681356,0.04527369,0.09417672,2219.286
203,fleming,josh,676596,1965.9463,2021.2559,55.309666,0.05284835,0.08859086,0.035742506,0.07071961,1993.6011
204,flexen,chris,623167,2006.4058,2065.9773,59.571465,0.033603176,0.04671537,0.013112196,0.040159274,2036.1915
205,floro,dylan,571670,1730.7349,1856.4879,125.75309,0.014488956,0.017295653,0.0028066963,0.015892304,1793.6115
206,foley,jason,671345,2335.4045,2366.7344,31.329826,0.04011371,0.06535356,0.02523985,0.052733634,2351.0696
207,foltynewicz,mike,592314,1993.3927,2016.5652,23.172525,0.056538183,0.07684558,0.02030739,0.06669188,2004.9789
208,foster,matt,641582,2045.4056,2140.967,95.56138,0.013212198,0.015783729,0.002571531,0.014497964,2093.1863
209,freeland,kyle,607536,1877.2881,1932.3119,55.02383,0.6606087,0.80605793,0.14544922,0.73333335,1904.8
210,frias,luis,666818,2416.034,2456.2107,40.176853,0.06349988,0.10256257,0.039062686,0.08303122,2436.1223
211,fried,max,608331,2282.635,2345.6423,63.007217,0.13435085,0.18668395,0.0523331,0.16051741,2314.1387
212,fry,jace,605240,2068.3074,2087.917,19.609608,0.018505253,0.022402573,0.0038973202,0.020453913,2078.1123
213,fry,paul,643316,1966.1979,2033.361,67.163086,0.07768817,0.12383931,0.04615114,0.100763746,1999.7794
214,fulmer,michael,605242,2332.975,2364.285,31.309845,0.011777891,0.014189004,0.002411113,0.012983448,2348.63
215,funkhouser,kyle,608335,2406.162,2430.7456,24.583717,0.012266977,0.0148469005,0.002579924,0.013556939,2418.4539
216,gallegos,giovanny,606149,2102.6484,2138.2207,35.572258,0.053182982,0.09066035,0.03747737,0.07192167,2120.4346
217,gallen,zac,668678,2199.9138,2222.2788,22.365076,0.1280731,0.17643407,0.048360966,0.15225358,2211.0964
218,gant,john,607231,1980.2671,2015.825,35.557842,0.01592211,0.01916172,0.0032396098,0.017541915,1998.046
219,garcia,bryan,650530,2244.926,2273.1035,28.177399,0.013983384,0.016661199,0.0026778153,0.015322292,2259.0146
220,garcia,edgar,658305,2522.703,2551.2205,28.517632,0.054573238,0.07874237,0.024169128,0.066657804,2536.9617
221,garcia,jarlin,606424,2069.9326,2149.2065,79.273926,0.051888496,0.077466905,0.025578413,0.0646777,2109.5696
222,garcia,luis,677651,1831.4036,1944.5964,113.192795,0.015920624,0.019763805,0.0038431808,0.017842215,1888.0
223,garcia,luis,472610,2212.406,2233.7988,21.392776,0.015125958,0.018036483,0.0029105241,0.01658122,2223.1023
224,garcia,yimi,554340,2152.7073,2187.536,34.828667,0.015517429,0.01920307,0.0036856406,0.01736025,2170.1216
225,garrett,amir,607237,2435.6707,2477.5886,41.917873,0.012899694,0.015418818,0.002519125,0.014159256,2456.6296
226,garrett,braxton,666129,2094.5674,2127.017,32.44973,0.08066752,0.12329044,0.042622924,0.10197898,2110.7922
227,garza,justin,621057,2129.0454,2144.729,15.683589,0.024542108,0.06682637,0.042284265,0.04568424,2136.8872
228,garza,ralph,621248,2334.5544,2352.9941,18.439568,0.016060416,0.019914078,0.0038536624,0.017987246,2343.7744
229,gausman,kevin,592332,2186.2766,2212.5752,26.298676,0.025762085,0.043598387,0.017836303,0.034680236,2199.426
230,german,domingo,593334,2642.241,2694.9258,52.684753,0.013496344,0.016589127,0.0030927842,0.015042736,2668.5833
231,gibaut,ian,664139,1767.1195,1786.5647,19.445295,0.0063975523,0.008032336,0.0016347838,0.0072149443,1776.8422
232,gibson,kyle,502043,2082.5085,2099.4915,16.98289,0.009341887,0.010976764,0.001634877,0.010159326,2091.0
233,gil,luis,661563,2145.5774,2166.7307,21.15348,0.07032133,0.11532456,0.045003224,0.09282294,2156.154
234,gilbert,logan,669302,2109.094,2140.62,31.526089,0.021424873,0.026512075,0.005087203,0.023968475,2124.8572
235,gilbert,tyler,656457,1910.7257,1963.7258,53.00013,0.012646334,0.015309995,0.0026636608,0.013978165,1937.2258
236,gilbreath,lucas,656458,2422.925,2471.8696,48.94459,0.014315165,0.017317927,0.0030027614,0.015816545,2447.3972
237,giolito,lucas,608337,2378.5056,2404.8574,26.351702,0.014111208,0.016744934,0.002633727,0.015428071,2391.6816
238,givens,mychal,571710,2128.1858,2193.7642,65.578255,0.13008735,0.19069578,0.06060844,0.16039157,2160.975
239,gomber,austin,596295,2347.6572,2375.6396,27.9824,0.016945995,0.020712791,0.0037667945,0.018829394,2361.6484
240,gonsalves,stephen,624427,2322.0984,2362.8699,40.7715,0.012333704,0.015126533,0.002792829,0.013730119,2342.4841
241,gonsolin,tony,664062,2522.434,2541.0903,18.656157,0.018422853,0.022300992,0.0038781397,0.020361923,2531.7622
242,gonzales,marco,594835,1931.5365,1991.2529,59.716427,0.016653068,0.019491492,0.002838424,0.018072281,1961.3948
243,gonzalez,chi chi,592346,2424.4958,2460.4731,35.977226,0.030940128,0.067338936,0.036398806,0.04913953,2442.4844
244,gonzalez,romy,663853,2302.4375,2339.2554,36.817856,0.08268883,0.13499048,0.05230166,0.10883966,2320.8464
245,gonzalez,victor,624647,2225.8533,2273.0183,47.165024,0.21591185,0.31787804,0.10196618,0.26689494,2249.4358
246,gose,anthony,543238,2565.1663,2605.2905,40.12444,0.009748704,0.0120770205,0.0023283167,0.010912862,2585.2285
247,goudeau,ashton,623485,2286.1099,2305.9592,19.849327,0.011796451,0.014167995,0.002371544,0.012982223,2296.0344
248,graterol,brusdar,660813,1520.908,1569.235,48.327038,0.0076906974,0.009590855,0.001900157,0.008640776,1545.0714
249,graveman,kendall,608665,2050.9602,2148.5305,97.57029,0.01455606,0.017420828,0.002864768,0.015988443,2099.7454
250,gray,jon,592351,2032.855,2123.0955,90.24046,0.093390144,0.14029467,0.046904534,0.11684241,2077.975
251,gray,josiah,680686,2235.4292,2279.4656,44.03621,0.019771963,0.02470663,0.0049346667,0.022239298,2257.4473
252,gray,sonny,543243,1560.417,1588.2496,27.832642,0.0018247411,0.0029371637,0.0011124226,0.0023809525,1574.3334
253,green,chad,643338,2730.895,2785.539,54.643944,0.015144948,0.0181392,0.0029942514,0.016642073,2758.217
254,greene,conner,641632,2172.6418,2227.092,54.45038,0.083602026,0.12359819,0.03999616,0.10360011,2199.867
255,greene,shane,572888,2092.2473,2147.2456,54.998356,0.057754662,0.090698734,0.032944072,0.0742267,2119.7463
256,greinke,zack,425844,2227.672,2282.1174,54.44516,0.019019244,0.02271336,0.0036941152,0.0208663,2254.8948
257,gsellman,robert,607229,2107.3398,2129.5435,22.203588,0.0129080275,0.015387702,0.002479674,0.014147865,2118.4417
258,guenther,sean,674944,2285.6838,2324.7085,39.02476,0.013444193,0.015989864,0.002545672,0.0147170285,2305.1963
259,guerra,deolis,500610,2185.988,2220.1707,34.182724,0.01171512,0.01460254,0.0028874201,0.01315883,2203.0793
260,guerra,javy,642770,1990.1884,2031.3241,41.135685,0.0138605265,0.016921153,0.0030606275,0.015390839,2010.7562
261,guerra,javy,457915,2305.8196,2383.618,77.79816,0.010547799,0.013110983,0.0025631844,0.011829391,2344.7188
262,guerra,junior,448855,2365.6643,2411.9478,46.28347,0.07662931,0.11205237,0.03542307,0.09434084,2388.8062
263,guilmet,preston,543258,2404.6692,2427.8916,23.222359,0.012029372,0.014343104,0.0023137324,0.013186239,2416.2803
264,gustave,jandel,594311,2143.7812,2173.1243,29.342924,0.06156729,0.08761893,0.026051644,0.07459311,2158.4526
265,guti√©rrez,vladimir,661269,2065.3794,2115.6206,50.24144,0.032518502,0.044459507,0.011941004,0.038489006,2090.5
266,guzman,jorge,660422,1948.55,1998.002,49.451794,0.013415419,0.015909633,0.0024942136,0.014662526,1973.276
267,hader,josh,623352,2378.9922,2405.6406,26.648447,0.01749342,0.020631008,0.0031375876,0.019062214,2392.3164
268,hammer,j. d.,670456,2336.916,2391.6863,54.77037,0.07956505,0.12338836,0.043823306,0.10147671,2364.3013
269,hand,brad,543272,2177.7092,2208.7498,31.040714,0.011131542,0.013676781,0.0025452396,0.0124041615,2193.2295
270,hanhold,eric,621098,2344.9158,2369.6116,24.695831,0.015804183,0.018907689,0.0031035054,0.017355936,2357.2637
271,happ,j. a.,457918,1937.3657,1978.1238,40.758076,0.082298525,0.1369456,0.054647084,0.10962207,1957.7448
272,hardy,blaine,543278,2196.9297,2234.0818,37.151924,0.014561146,0.01761909,0.0030579441,0.016090117,2215.5059
273,harper,ryne,607560,2259.9932,2298.7012,38.70783,0.013348056,0.015951062,0.0026030059,0.014649559,2279.3472
274,hartlieb,geoff,664129,2165.264,2206.969,41.7051,0.020470392,0.02871967,0.008249276,0.024595032,2186.1165
275,harvey,matt,518774,2282.218,2311.394,29.176117,0.014511682,0.01757537,0.003063688,0.016043527,2296.806
276,hatch,thomas,641672,2013.2529,2040.4373,27.18441,0.07061946,0.11648327,0.045863815,0.09355136,2026.8451
277,head,louis,545343,2060.4048,2109.7993,49.394463,0.054864407,0.08464721,0.029782802,0.06975581,2085.102
278,heaney,andrew,571760,2564.171,2629.564,65.393036,0.015967175,0.019073093,0.0031059177,0.017520133,2596.8674
279,hearn,taylor,621368,2726.8606,2762.8384,35.977585,0.06002188,0.098961905,0.038940027,0.07949189,2744.8494
280,heasley,jon,669169,2175.2507,2241.533,66.28234,0.06922666,0.10552459,0.03629794,0.087375626,2208.3918
281,helsley,ryan,664854,1859.0787,1978.5951,119.51637,0.0130538745,0.016069615,0.003015741,0.014561745,1918.8369
282,hembree,heath,592390,2260.4646,2291.565,31.100258,0.013412849,0.01568563,0.00227278,0.01454924,2276.0146
283,hendricks,kyle,543294,1970.4052,1996.8682,26.463095,0.05989377,0.08981072,0.029916951,0.07485224,1983.6366
284,hendriks,liam,521230,2344.6892,2369.735,25.045826,0.07333158,0.11267204,0.03934046,0.09300181,2357.2122
285,hendrix,ryan,641682,2047.1049,2111.571,64.466255,0.013676924,0.016450131,0.0027732074,0.015063527,2079.3381
286,hentges,sam,656529,2280.2695,2334.2402,53.970734,0.08784536,0.14659795,0.05875259,0.11722165,2307.255
287,herget,jimmy,623474,2368.723,2408.459,39.736115,0.014518049,0.017318495,0.0028004455,0.015918272,2388.5908
288,hernandez,carlos,672578,2307.4722,2367.9753,60.50304,0.0121733295,0.014668223,0.0024948944,0.013420776,2337.7239
289,hernandez,darwinzon,650382,2461.0881,2483.976,22.887978,0.012539105,0.015203052,0.0026639476,0.013871078,2472.5322
290,hernandez,elieser,622694,2305.8228,2350.5557,44.732925,0.07146377,0.113689974,0.042226203,0.09257688,2328.1892
291,hess,david,605276,2111.0981,2152.379,41.280655,0.014374831,0.017950354,0.003575523,0.016162593,2131.7385
292,heuer,codi,676051,2390.263,2419.4297,29.166767,0.012624707,0.015004033,0.0023793264,0.01381437,2404.8462
293,hill,rich,448179,2288.0078,2312.6929,24.68511,0.013675723,0.0164319,0.002756176,0.0150538115,2300.3503
294,hill,tim,657612,2232.9172,2281.7783,48.861206,0.011663644,0.013907611,0.0022439677,0.0127856275,2257.348
295,hoffman,jeff,656546,2441.1282,2480.9907,39.862576,0.02269047,0.02805474,0.005364272,0.025372604,2461.0593
296,holaday,bryan,592407,2182.0847,2206.2107,24.125935,0.021997197,0.03121468,0.009217484,0.02660594,2194.1477
297,holland,derek,502706,1637.4886,1764.5114,127.022644,0.01666965,0.019898823,0.0032291727,0.018284237,1701.0
298,holland,greg,518813,1201.408,1250.642,49.23403,0.007665008,0.009621331,0.0019563225,0.008643169,1226.025
299,holloway,jordan,656548,2062.316,2098.4753,36.159264,0.02403204,0.029536773,0.0055047325,0.026784405,2080.3955
300,holmes,clay,605280,2251.1868,2294.4492,43.262524,0.07510879,0.1179614,0.04285261,0.096535094,2272.818
301,holt,brock,571788,1827.2526,1914.2926,87.040054,0.014476565,0.017488694,0.0030121284,0.01598263,1870.7726
302,houck,tanner,656557,1981.2804,2031.0806,49.80008,0.06493223,0.102104194,0.037171967,0.08351821,2006.1805
303,houser,adrian,605288,2182.3818,2247.756,65.37431,0.0138966935,0.017088741,0.0031920478,0.015492718,2215.0688
304,howard,sam,607572,2111.0005,2133.851,22.850666,0.010575937,0.013141643,0.0025657064,0.01185879,2122.4258
305,howard,spencer,675921,1962.5349,2000.7244,38.189434,0.016787231,0.019539645,0.0027524144,0.018163437,1981.6296
306,hoyt,james,624586,2212.1313,2301.4124,89.28104,0.060839385,0.11104084,0.050201453,0.08594011,2256.7717
307,hudson,dakota,641712,2011.3221,2055.3716,44.049374,0.013493823,0.016233461,0.0027396376,0.014863642,2033.3469
308,hudson,daniel,543339,1958.144,1987.7046,29.560553,0.012421011,0.014884692,0.002463681,0.013652851,1972.9243
309,hutchison,drew,571800,2046.886,2101.8894,55.00328,0.013176025,0.016047897,0.0028718724,0.014611961,2074.3877
310,iglesias,raisel,628452,1957.9504,1991.039,33.088573,0.0166623,0.020559771,0.0038974714,0.018611036,1974.4948
311,irvin,cole,608344,2336.0964,2371.1018,35.005234,0.017984673,0.021502977,0.0035183043,0.019743826,2353.599
312,jackson,andre,656578,2195.9746,2246.8213,50.84658,0.0154025,0.018245269,0.0028427686,0.016823884,2221.398
313,jackson,jay,543351,2213.6013,2275.764,62.16257,0.055625748,0.09219963,0.036573883,0.07391269,2244.6826
314,jackson,luke,592426,2076.8916,2104.9238,28.032162,0.014357821,0.017246107,0.0028882858,0.015801964,2090.9077
315,james,josh,657624,2278.4143,2293.677,15.262687,0.025278518,0.035441622,0.010163105,0.030360071,2286.0457
316,jansen,kenley,445276,2513.0488,2604.5989,91.54994,0.014958501,0.018003901,0.0030454015,0.016481202,2558.8237
317,javier,cristian,664299,2289.716,2312.739,23.022873,0.0724743,0.11815424,0.04567994,0.09531427,2301.2275
318,jax,griffin,643377,1842.8107,1871.5227,28.712004,0.012192037,0.014323114,0.002131077,0.013257576,1857.1666
319,jefferies,daulton,641726,2288.481,2313.0745,24.593401,0.013826531,0.015967997,0.0021414647,0.014897264,2300.7778
320,jewell,jake,657228,2092.3298,2145.3667,53.03697,0.010273948,0.01249707,0.0022231222,0.011385509,2118.8484
321,jimenez,joe,641729,2249.5327,2309.7083,60.175385,0.05506541,0.088236965,0.033171557,0.07165119,2279.6206
322,johnson,dj,597113,2191.9214,2229.3145,37.393272,0.01550014,0.018549012,0.003048871,0.017024577,2210.618
323,johnson,pierce,572955,1967.0463,2028.4468,61.400528,0.07107472,0.113957554,0.04288284,0.09251613,1997.7466
324,jones,damon,676103,1873.1387,1914.0155,40.87678,0.058302846,0.08909884,0.030795993,0.07370084,1893.5771
325,junis,jakob,596001,2520.977,2561.5068,40.529793,0.05977014,0.10413842,0.04436828,0.08195428,2541.242
326,junk,janson,676083,2761.5217,2812.9985,51.476677,0.016111186,0.019038381,0.0029271957,0.017574783,2787.2603
327,kaprielian,james,621076,1899.9368,1952.4956,52.55884,0.073387146,0.111347534,0.037960384,0.092367336,1926.2162
328,karinchak,james,675916,2213.5747,2263.233,49.65826,0.056077056,0.09202942,0.035952367,0.07405324,2238.4038
329,kazmir,scott,431148,2204.6858,2224.649,19.963253,0.0163992,0.019818345,0.0034191457,0.018108772,2214.6675
330,keller,brad,641745,2338.1465,2366.2048,28.058157,0.015308309,0.018161062,0.0028527528,0.016734686,2352.1758
331,keller,kyle,664918,2158.082,2188.2346,30.152515,0.019812088,0.025452144,0.005640057,0.022632116,2173.1584
332,keller,mitch,656605,2392.8843,2433.1157,40.231228,0.028413378,0.0398253,0.011411926,0.03411934,2413.0
333,kelly,joe,523260,2244.9666,2274.0085,29.042027,0.012033892,0.01456529,0.002531398,0.013299591,2259.4875
334,kelly,merrill,518876,2346.271,2377.225,30.954098,0.056959096,0.109932505,0.052973412,0.0834458,2361.748
335,kennedy,ian,453178,1823.1111,1852.0,28.889008,0.013153701,0.015301987,0.0021482862,0.014227844,1837.5555
336,kershaw,clayton,477132,2176.62,2229.0422,52.42203,0.014451292,0.017078077,0.0026267858,0.015764685,2202.831
337,keuchel,dallas,572971,2699.733,2756.9983,57.265347,0.014391551,0.017069241,0.00267769,0.015730396,2728.3657
338,kikuchi,yusei,579328,2117.6907,2147.1428,29.452076,0.016321257,0.019493977,0.0031727185,0.017907618,2132.4167
339,kim,kwang hyun,547942,2581.1248,2643.2844,62.159546,0.015787588,0.01885298,0.0030653924,0.017320285,2612.2046
340,kimbrel,craig,518886,2501.8896,2579.8096,77.91989,0.015382748,0.018612767,0.0032300188,0.016997758,2540.8496
341,king,mike,650633,2732.7856,2767.3596,34.57399,0.014721029,0.018916143,0.004195113,0.016818585,2750.0725
342,kinley,tyler,641755,2342.5588,2364.319,21.760288,0.014497501,0.017514998,0.003017497,0.01600625,2353.439
343,kintzler,brandon,445213,2014.3418,2072.354,58.012302,0.0723711,0.1238435,0.051472396,0.0981073,2043.3479
344,kittredge,andrew,552640,1681.0571,1759.6432,78.58611,0.013486687,0.016725639,0.0032389513,0.015106163,1720.3502
345,klobosits,gabe,656620,2222.0342,2252.2927,30.25857,0.011972101,0.014636412,0.002664311,0.013304257,2237.1636
346,kluber,corey,446372,1566.5819,1588.6681,22.086178,0.0050778715,0.0067918766,0.0017140053,0.005934874,1577.625
347,knebel,corey,608349,2198.7063,2271.091,72.38477,0.012967239,0.01577063,0.0028033915,0.014368935,2234.8987
348,knehr,reiss,663753,2212.5212,2253.4646,40.94339,0.018179128,0.022468582,0.004289455,0.020323854,2232.993
349,knight,dusten,643400,2320.224,2367.6658,47.441566,0.017385576,0.02103721,0.0036516346,0.019211393,2343.9448
350,koerner,brody,621259,1996.0801,2056.9954,60.91537,0.05623969,0.0919167,0.035677012,0.074078195,2026.5378
351,kopech,michael,656629,2279.596,2317.813,38.217087,0.013397361,0.016454553,0.0030571925,0.014925958,2298.7043
352,kowar,jackson,663804,2347.6743,2410.1213,62.44716,0.059838355,0.09540462,0.035566263,0.07762148,2378.898
353,kranick,max,668820,2127.6763,2180.6943,53.01811,0.082230136,0.13047588,0.04824575,0.10635301,2154.1853
354,krehbiel,joey,607216,2183.5752,2222.0823,38.50707,0.013833628,0.016828815,0.0029951865,0.015331221,2202.8286
355,kremer,dean,665152,2446.1677,2541.6218,95.45406,0.061233144,0.103463486,0.042230338,0.08234832,2493.8948
356,kriske,brooks,621139,1350.7146,1501.2272,150.5125,0.012941773,0.015791805,0.0028500324,0.01436679,1425.9708
357,krol,ian,571871,2114.0493,2160.8967,46.847458,0.071900584,0.11359776,0.041697174,0.09274917,2137.4731
358,kuhl,chad,641771,2074.5588,2099.7517,25.192873,0.014068942,0.016993932,0.0029249904,0.015531437,2087.1553
359,lambert,jimmy,669424,2210.9448,2227.169,16.224192,0.011691423,0.014084442,0.0023930187,0.012887932,2219.057
360,lambert,peter,663567,2099.2952,2150.2898,50.994812,0.057572186,0.08939306,0.031820875,0.073482625,2124.7925
361,lamet,dinelson,659275,2213.971,2251.536,37.56507,0.01350538,0.016169664,0.0026642845,0.014837522,2232.7534
362,lange,alex,656638,1999.5543,2067.7195,68.16498,0.014755449,0.01798481,0.0032293608,0.016370129,2033.6368
363,latz,jake,656641,1921.2296,1951.8473,30.617619,0.0067680795,0.008592405,0.0018243255,0.0076802424,1936.5385
364,lauer,eric,641778,2043.252,2085.0164,41.76441,0.025129845,0.057068795,0.031938948,0.04109932,2064.1343
365,lawrence,justin,664875,2296.0527,2353.7283,57.67555,0.015715115,0.018699264,0.002984148,0.01720719,2324.8906
366,leblanc,wade,453281,2009.6549,2066.04,56.385,0.012979297,0.015672758,0.0026934603,0.014326028,2037.8474
367,lee,dylan,669276,2177.4285,2217.5447,40.11625,0.012456601,0.015120589,0.0026639886,0.013788595,2197.4866
368,leon,sandy,506702,2156.6235,2191.8313,35.20759,0.06784897,0.11608959,0.048240617,0.09196928,2174.2275
369,leone,dominic,608678,2350.332,2383.2415,32.909317,0.058886923,0.08089007,0.022003138,0.069888495,2366.7869
370,lester,jon,452657,2592.1018,2614.3782,22.276201,0.01510577,0.017874923,0.002769153,0.016490348,2603.24
371,littell,zack,641793,2140.5828,2205.509,64.92633,0.009909885,0.012548399,0.002638514,0.011229143,2173.046
372,llovera,mauricio,661440,1971.5092,2016.4036,44.89433,0.066243954,0.10716801,0.040924057,0.08670598,1993.9564
373,loaisiga,jonathan,642528,2135.0112,2174.5933,39.58205,0.014605734,0.01808616,0.003480426,0.016345946,2154.8022
374,long,sammy,669674,2654.457,2683.1428,28.685848,0.010749364,0.013131233,0.002381868,0.011940299,2668.8
375,lopez,jorge,605347,2124.8662,2157.2502,32.3841,0.0118060075,0.014619308,0.0028133001,0.0132126575,2141.058
376,lopez,reynaldo,625643,2458.4268,2490.4548,32.02797,0.014366353,0.017200328,0.0028339748,0.01578334,2474.441
377,lorenzen,michael,547179,2138.3054,2172.3206,34.01509,0.013420315,0.016107548,0.0026872319,0.014763932,2155.313
378,loup,aaron,571901,2405.6067,2457.6626,52.055824,0.014451601,0.017156674,0.0027050723,0.015804136,2431.6348
379,lovelady,richard,663992,1942.8307,1989.0522,46.22158,0.012413497,0.015112376,0.002698879,0.013762937,1965.9414
380,lowther,zac,675912,2254.481,2283.6316,29.15054,0.012430066,0.015120288,0.002690222,0.013775177,2269.0562
381,luetge,lucas,476595,2165.9695,2203.6865,37.717083,0.06773516,0.113959104,0.04622395,0.09084713,2184.828
382,lugo,seth,607625,1799.4506,1858.8632,59.41266,0.020040603,0.025143243,0.0051026405,0.022591924,1829.1569
383,luplow,jordan,656669,2072.8718,2091.1282,18.256498,0.055025883,0.08551016,0.030484276,0.07026802,2082.0
384,luzardo,jesus,666200,2150.6982,2225.7507,75.05258,0.01635574,0.019125821,0.0027700812,0.01774078,2188.2246
385,lyles,jordan,543475,2072.8545,2094.482,21.627373,0.069014296,0.107615545,0.038601246,0.08831492,2083.6682
386,lynch,daniel,663738,1939.122,1988.323,49.201008,0.016880687,0.020690296,0.003809609,0.018785492,1963.7225
387,lynn,lance,458681,2420.2253,2453.2034,32.978046,0.01741163,0.020191558,0.0027799278,0.018801594,2436.7144
388,machado,andres,600921,2311.004,2355.871,44.867424,0.011498976,0.0143102165,0.002811241,0.012904596,2333.4375
389,madero,luis,650347,2337.6345,2367.4504,29.815865,0.014269933,0.016864559,0.002594626,0.015567246,2352.5425
390,maeda,kenta,628317,2121.63,2198.3257,76.69599,0.07010764,0.11612396,0.046016324,0.0931158,2159.9778
391,mahle,tyler,641816,2142.2146,2202.9626,60.747856,0.011373592,0.01362857,0.002254979,0.0125010805,2172.5886
392,maile,luke,571912,2006.521,2031.6162,25.095165,0.0145896925,0.01756757,0.0029778774,0.01607863,2019.0686
393,manaea,sean,640455,2216.3782,2269.1567,52.77845,0.025341667,0.030423602,0.005081935,0.027882636,2242.7673
394,manning,matt,666159,2162.5881,2211.7295,49.141518,0.028091174,0.03486817,0.0067769974,0.03147967,2187.159
395,manoah,alek,666201,2140.023,2208.9443,68.92141,0.028962666,0.03802209,0.009059423,0.03349238,2174.4836
396,mantiply,joe,573009,2374.4658,2421.3462,46.880272,0.01581675,0.018972902,0.0031561519,0.017394826,2397.906
397,maples,dillon,596027,1990.8667,2053.257,62.390408,0.022342699,0.027257733,0.0049150344,0.024800217,2022.0619
398,marquez,german,608566,1787.7905,1824.2207,36.430202,0.06244157,0.09939806,0.036956493,0.08091982,1806.0056
399,marte,jose,665896,2339.7742,2354.3967,14.622634,0.023271542,0.02804582,0.0047742766,0.025658682,2347.0854
400,martin,brett,656685,2353.2317,2388.286,35.054356,0.0886718,0.13144915,0.042777345,0.110060476,2370.7588
401,martin,chris,455119,2256.0464,2309.0203,52.974075,0.014359614,0.01707134,0.0027117257,0.015715476,2282.5334
402,martinez,seth,661527,2189.4592,2215.949,26.48962,0.014869393,0.018343195,0.0034738018,0.016606294,2202.704
403,maton,phil,664208,2197.302,2225.6624,28.360302,0.053136952,0.083181165,0.030044217,0.06815906,2211.4822
404,mattson,isaac,676755,1989.8495,2040.7294,50.87988,0.196039,0.27329868,0.07725967,0.23466884,2015.2894
405,matz,steven,571927,2045.7463,2137.2612,91.51486,0.044887703,0.072305776,0.027418071,0.058596738,2091.5037
406,matzek,tyler,554431,2058.664,2116.5178,57.853813,0.11387975,0.19766691,0.08378716,0.15577333,2087.5908
407,may,trevor,543507,2323.0356,2367.5085,44.47287,0.011982593,0.014225756,0.0022431628,0.013104174,2345.272
408,mayers,mike,594577,2507.4292,2576.7693,69.339966,0.07108158,0.12006097,0.048979394,0.09557128,2542.0994
409,mayza,tim,641835,2263.2385,2329.318,66.07937,0.07259249,0.11543889,0.042846404,0.09401569,2296.2783
410,mazza,chris,607391,1915.7798,1971.2184,55.438618,0.01277328,0.0152014345,0.0024281552,0.013987357,1943.499
411,mccaughan,darren,670766,1834.5609,1890.7498,56.188778,0.07790007,0.12379855,0.045898475,0.10084931,1862.6553
412,mcclanahan,shane,663556,2135.5505,2159.2742,23.723564,0.012724397,0.015624029,0.002899632,0.014174213,2147.4124
413,mccullers,lance,621121,2254.1184,2309.1523,55.033985,0.042866856,0.06926333,0.026396476,0.05606509,2281.6355
414,mcfarland,t. j.,519008,2023.4872,2088.6523,65.16529,0.06427592,0.10239056,0.038114637,0.08333324,2056.0698
415,mcgee,jake,459429,2603.857,2653.2048,49.347843,0.010264536,0.01280183,0.0025372934,0.011533183,2628.531
416,mcgowin,kyle,641851,2423.0193,2434.9807,11.961201,0.013646812,0.01640648,0.0027596683,0.015026646,2429.0
417,mchugh,collin,543521,2308.37,2324.5642,16.194096,0.018232219,0.022062045,0.0038298264,0.020147132,2316.4673
418,mckenzie,triston,663474,1776.6272,1869.6584,93.03128,0.010175623,0.012362958,0.0021873352,0.01126929,1823.1428
419,means,john,607644,2238.0671,2273.754,35.686672,0.016620737,0.021168347,0.0045476123,0.018894542,2255.9104
420,mears,nick,683232,2156.127,2195.3218,39.194874,0.014409671,0.017226843,0.0028171716,0.015818257,2175.7244
421,medina,adonis,658431,2146.8699,2181.9856,35.115864,0.045643393,0.09325896,0.04761557,0.069451176,2164.4277
422,megill,trevor,656730,2679.8677,2716.418,36.550438,0.014012562,0.016252004,0.0022394417,0.015132283,2698.1428
423,megill,tylor,656731,2179.9243,2233.9922,54.067944,0.030256705,0.036831763,0.006575057,0.033544235,2206.9583
424,meisinger,ryan,664682,2214.019,2265.207,51.187843,0.06504828,0.1054932,0.040444925,0.08527074,2239.613
425,mejia,francisco,642336,2002.1472,2030.7871,28.639872,0.05520979,0.081665635,0.026455848,0.06843771,2016.4672
426,mejia,humberto,650668,2180.899,2217.5266,36.62759,0.0149066625,0.018317593,0.0034109314,0.01661213,2199.2126
427,mejia,j. c.,650496,2278.224,2314.3132,36.089054,0.018332973,0.025725773,0.0073928,0.022029372,2296.2688
428,melancon,mark,453343,2335.698,2380.4827,44.784794,0.042421628,0.055711076,0.013289452,0.049066354,2358.0903
429,merryweather,julian,657240,2286.7002,2310.8071,24.106916,0.010334145,0.012596835,0.0022626896,0.01146549,2298.7537
430,middleton,keynan,641871,2003.5458,2044.2557,40.709957,0.047596768,0.062396627,0.014799859,0.054996695,2023.9008
431,mikolas,miles,571945,1994.623,2058.8198,64.19688,0.025860872,0.034128938,0.008268065,0.029994905,2026.7214
432,miley,wade,489119,2353.992,2382.981,28.98909,0.013338187,0.016186114,0.0028479279,0.014762151,2368.4866
433,miller,andrew,453192,2345.2354,2385.2573,40.0219,0.054383155,0.08624175,0.031858597,0.070312455,2365.2463
434,miller,justin,502522,2475.869,2519.7207,43.851738,0.015366959,0.018443218,0.0030762576,0.016905088,2497.7947
435,miller,shelby,571946,2267.3313,2319.518,52.186817,0.03130103,0.04800972,0.016708689,0.039655373,2293.4248
436,mills,alec,621219,2200.5308,2252.6067,52.07599,0.06715794,0.10654705,0.03938911,0.0868525,2226.5686
437,mills,wyatt,670090,2069.56,2104.3972,34.83733,0.022322213,0.027641412,0.0053192,0.024981814,2086.9788
438,milner,hoby,571948,2211.0864,2257.2183,46.131786,0.076134056,0.11655458,0.040420525,0.09634432,2234.1523
439,minaya,juan,573668,2079.2344,2097.8271,18.592602,0.013414383,0.01611589,0.002701508,0.014765137,2088.5308
440,minor,mike,501985,2538.3406,2571.2593,32.91867,0.013457133,0.016281705,0.0028245714,0.014869419,2554.8
441,minter,a. j.,621345,2253.3203,2295.4133,42.09304,0.029120121,0.043728013,0.0146078905,0.036424067,2274.367
442,misiewicz,anthony,664948,2141.7861,2163.8372,22.051146,0.01898398,0.024810737,0.0058267564,0.021897359,2152.8115
443,mitchell,bryan,571951,2126.5623,2160.1128,33.550697,0.06689442,0.09982731,0.032932892,0.083360866,2143.3374
444,mize,casey,663554,2446.7854,2469.755,22.969442,0.0149362385,0.018644426,0.0037081863,0.016790332,2458.27
445,moll,sam,594580,2004.632,2052.3962,47.764214,0.08100222,0.14455293,0.06355071,0.112777576,2028.514
446,montas,frankie,593423,2359.7273,2387.5083,27.781092,0.013707931,0.016884632,0.0031767022,0.015296282,2373.618
447,montero,rafael,606160,2428.8108,2487.028,58.217262,0.013401807,0.016151464,0.002749656,0.014776636,2457.9194
448,montgomery,jordan,656756,2464.3428,2522.8152,58.472347,0.010624571,0.012513315,0.001888745,0.011568943,2493.5789
449,moore,matt,519043,1916.8916,1951.6577,34.766026,0.019778466,0.023627438,0.0038489727,0.021702953,1934.2747
450,moran,jovani,663558,2162.622,2192.4749,29.852716,0.018168418,0.021097573,0.0029291555,0.019632995,2177.5483
451,moreland,mitch,519048,1971.6111,2004.046,32.434917,0.012254725,0.015124183,0.0028694586,0.013689455,1987.8286
452,moreta,dauri,664294,1988.1143,2051.5144,63.400173,0.013780286,0.016481563,0.0027012785,0.015130925,2019.8143
453,morgan,adam,605388,2307.492,2323.5732,16.081453,0.014261027,0.017711384,0.0034503571,0.015986206,2315.5327
454,morgan,eli,669212,1956.4048,1995.1593,38.754574,0.011074586,0.013394924,0.002320338,0.012234755,1975.782
455,morimando,shawn,596049,2055.2844,2091.335,36.050636,0.06810667,0.117614746,0.04950807,0.092860706,2073.3096
456,morton,charlie,450203,2590.688,2643.2734,52.585625,0.0137166,0.01615947,0.0024428687,0.014938034,2616.9807
457,muller,kyle,666205,2031.9934,2065.4656,33.472233,0.06481737,0.10960592,0.044788554,0.087211646,2048.7295
458,murphy,patrick,641907,1692.3335,1757.2855,64.95207,0.0034307458,0.0050116265,0.0015808806,0.004221186,1724.8096
459,musgrove,joe,605397,2341.215,2360.0632,18.84803,0.011379302,0.013606123,0.0022268211,0.012492713,2350.6392
460,nance,tommy,667297,2352.428,2399.6487,47.220676,0.01539969,0.018303795,0.002904105,0.016851742,2376.0383
461,naughton,packy,676050,2158.6975,2198.9055,40.208122,0.06435351,0.09826771,0.0339142,0.081310615,2178.8015
462,neidert,nick,663734,2218.559,2259.2737,40.714558,0.09533013,0.1425976,0.047267478,0.11896387,2238.9163
463,nelson,jimmy,519076,2236.8005,2278.3105,41.51001,0.011320134,0.013801197,0.002481063,0.012560665,2257.5557
464,nelson,nick,656793,2382.813,2425.4705,42.65763,0.015776906,0.018987648,0.003210741,0.017382277,2404.1418
465,neris,hector,593576,2271.3293,2298.6707,27.341429,0.010133689,0.012943233,0.0028095439,0.011538462,2285.0
466,newcomb,sean,656794,1981.6654,2010.5503,28.88487,0.014070278,0.016385807,0.0023155287,0.015228042,1996.1078
467,nogosek,stephen,668665,2284.8052,2336.135,51.32975,0.011068174,0.013660307,0.0025921331,0.01236424,2310.47
468,nogowski,john,596056,2073.6968,2097.7576,24.06079,0.013091057,0.016237723,0.0031466668,0.01466439,2085.7273
469,nola,aaron,605400,1397.4331,1442.7892,45.356052,0.005239677,0.006576393,0.0013367156,0.0059080347,1420.1111
470,nolin,sean,543594,1972.1355,2017.4362,45.30067,0.066410206,0.091130264,0.02472006,0.078770235,1994.7859
471,norris,daniel,596057,2245.9316,2274.0825,28.150946,0.012482279,0.015177625,0.0026953458,0.013829952,2260.007
472,n√∫√±ez,darien,628345,2514.3855,2556.5784,42.1928,0.013549857,0.016503012,0.0029531545,0.015026434,2535.482
473,o'brien,riley,676617,2507.9795,2523.5022,15.522864,0.0157821,0.018485362,0.0027032613,0.01713373,2515.7407
474,ober,bailey,641927,2399.9512,2475.824,75.87267,0.07063298,0.11249838,0.0418654,0.091565676,2437.8875
475,odorizzi,jake,543606,1830.9639,1892.6598,61.69591,0.015292642,0.018270813,0.0029781705,0.016781727,1861.8118
476,ohtani,shohei,660271,2452.876,2507.1497,54.273777,0.015727874,0.01867611,0.002948235,0.017201992,2480.013
477,okert,steven,595345,2007.2074,2049.5532,42.345676,0.010810047,0.0132085625,0.0023985154,0.012009305,2028.3802
478,ort,kaleb,672391,1960.3931,1986.0869,25.69391,0.011335368,0.0136976475,0.0023622792,0.012516508,1973.24
479,ortega,oliver,661383,2193.6895,2224.8508,31.161251,0.051399987,0.081946574,0.030546589,0.06667328,2209.27
480,osich,josh,592612,2201.5095,2270.0393,68.529755,0.050408244,0.08241631,0.032008063,0.06641228,2235.7744
481,ottavino,adam,493603,2193.425,2219.578,26.152863,0.016036686,0.0197513,0.0037146145,0.017893992,2206.5015
482,otto,glenn,657248,2136.8372,2191.0054,54.168083,0.06292464,0.100828975,0.037904333,0.08187681,2163.9211
483,overton,connor,656818,2325.109,2375.5884,50.479435,0.0128774345,0.015536559,0.0026591246,0.014206997,2350.3486
484,oviedo,johan,670912,2402.6667,2435.7083,33.041588,0.01538187,0.018516291,0.0031344213,0.01694908,2419.1875
485,oviedo,luis,665854,2214.6152,2260.738,46.12281,0.04550783,0.0855583,0.040050473,0.065533064,2237.6768
486,paddack,chris,663978,2029.9667,2059.9043,29.937567,0.013400731,0.01749943,0.004098699,0.015450081,2044.9354
487,pagan,emilio,641941,2381.9092,2430.9128,49.00374,0.0146589065,0.017682409,0.0030235022,0.016170658,2406.411
488,parker,blake,453284,2384.5994,2419.4714,34.87196,0.01867826,0.022556199,0.0038779394,0.020617228,2402.0354
489,patino,luis,672715,2367.8145,2439.5115,71.697,0.08941789,0.14498736,0.05556947,0.117202625,2403.663
490,patton,spencer,607359,2159.0745,2195.737,36.66245,0.06823977,0.09692646,0.028686691,0.082583115,2177.4058
491,paulino,david,600944,2167.0076,2218.363,51.35558,0.018488457,0.021836948,0.0033484893,0.020162703,2192.6853
492,payamps,joel,606303,2140.5151,2159.2583,18.743326,0.011892833,0.0147206355,0.0028278031,0.013306734,2149.8867
493,peacock,brad,502748,2203.3376,2250.3684,47.030674,0.015638594,0.018709226,0.003070631,0.017173909,2226.853
494,peacock,matt,676840,2168.291,2202.6318,34.34074,0.013540998,0.016103692,0.0025626947,0.014822345,2185.4614
495,pearson,nate,663878,2019.1771,2043.8732,24.696049,0.02758196,0.047132995,0.019551035,0.03735748,2031.5251
496,peguero,elvis,665625,2271.6892,2338.5005,66.81112,0.019277148,0.023708979,0.0044318317,0.021493064,2305.0947
497,peralta,freddy,642547,2137.3975,2172.536,35.13841,0.011901326,0.014643392,0.002742066,0.013272358,2154.9666
498,peralta,wandy,593974,2086.3984,2116.2446,29.84619,0.01692954,0.020278603,0.0033490618,0.018604072,2101.3215
499,peralta,wily,503449,1940.2964,1998.4241,58.127666,0.07341579,0.12177747,0.048361678,0.09759663,1969.3602
500,perdomo,angel,622780,2282.8909,2329.3672,46.47626,0.05902089,0.11243853,0.053417634,0.08572971,2306.1292
501,p√©rez,cionel,672335,2020.1968,2059.2163,39.01949,0.016372662,0.019469298,0.0030966369,0.01792098,2039.7065
502,perez,francisco,660906,2254.0215,2288.6929,34.671253,0.014050051,0.016789377,0.0027393256,0.015419714,2271.3572
503,perez,martin,527048,2035.515,2079.663,44.147964,0.017031098,0.020989439,0.003958341,0.019010268,2057.589
504,peters,dillon,596071,2639.2832,2692.002,52.718704,0.06664037,0.102252744,0.035612375,0.08444656,2665.6426
505,peterson,jace,607054,2006.5195,2058.7039,52.184288,0.040646717,0.08082914,0.040182427,0.06073793,2032.6117
506,petit,yusmeiro,433589,2166.0125,2193.6882,27.675854,0.013354992,0.016351419,0.0029964265,0.0148532055,2179.8503
507,petricka,jake,502593,2271.9011,2354.5952,82.694115,0.017347809,0.020492697,0.0031448877,0.018920254,2313.2483
508,phillips,evan,623465,2223.59,2253.8923,30.302351,0.06753614,0.097458705,0.029922573,0.082497425,2238.7412
509,pillar,kevin,607680,2118.701,2165.069,46.3681,0.07311003,0.11989822,0.046788197,0.09650413,2141.885
510,pineda,michael,501381,2347.853,2395.4946,47.641693,0.015943415,0.021884043,0.0059406273,0.01891373,2371.6738
511,pivetta,nick,601713,2225.9048,2261.8826,35.97777,0.0528311,0.09538129,0.042550195,0.074106194,2243.8938
512,plawecki,kevin,608700,2362.757,2436.841,74.083984,0.018669926,0.034607746,0.015937822,0.026638836,2399.799
513,plesac,zach,668676,2089.4072,2116.4678,27.0605,0.03640483,0.046410333,0.010005504,0.04140758,2102.9375
514,plutko,adam,592644,2195.8022,2254.9734,59.17113,0.07403399,0.115807064,0.041773073,0.09492053,2225.388
515,pomeranz,drew,519141,1949.7035,1998.9045,49.201004,0.03696469,0.04680784,0.009843151,0.041886266,1974.3041
516,ponce,cody,664074,2327.875,2366.7932,38.917995,0.07868448,0.13268451,0.054000035,0.1056845,2347.334
517,ponce de leon,daniel,594965,1938.5782,2040.9062,102.328064,0.014820151,0.01790077,0.003080619,0.01636046,1989.7423
518,pop,zach,647315,2552.1904,2575.92,23.729403,0.0191318,0.027038142,0.007906342,0.023084972,2564.0552
519,poppen,sean,664092,2010.2844,2059.8477,49.56319,0.017156878,0.020593889,0.0034370106,0.018875383,2035.066
520,pressly,ryan,519151,2011.8539,2076.7175,64.863785,0.050094813,0.063362546,0.013267733,0.05672868,2044.2858
521,price,david,456034,1734.5769,1800.5342,65.95725,0.0062809116,0.007962628,0.0016817163,0.0071217697,1767.5555
522,pruitt,austin,643493,2176.2395,2191.907,15.667422,0.013081435,0.015865881,0.0027844463,0.014473658,2184.0732
523,puk,a. j.,640462,2489.179,2519.2607,30.0819,0.015252832,0.01826746,0.003014628,0.016760146,2504.22
524,quackenbush,kevin,534812,1985.6785,2043.2826,57.604145,0.08138708,0.12874776,0.047360674,0.105067424,2014.4806
525,quantrill,cal,615698,2096.0037,2144.0933,48.089813,0.071308866,0.111463234,0.04015437,0.09138605,2120.0486
526,quijada,jose,650671,1909.3038,1941.7157,32.41186,0.01250815,0.014963217,0.0024550671,0.013735684,1925.5098
527,quintana,jose,500779,2445.9878,2498.8792,52.89128,0.016065398,0.0192259,0.0031605,0.01764565,2472.4336
528,rainey,tanner,663432,2155.2295,2197.2246,41.995155,0.07728646,0.116550274,0.03926382,0.09691837,2176.227
529,raley,brooks,548384,2445.716,2476.6958,30.979713,0.07408294,0.12164175,0.04755881,0.09786235,2461.2058
530,ramirez,erasmo,541640,2610.583,2629.115,18.53208,0.014152544,0.016959816,0.0028072714,0.01555618,2619.849
531,ramirez,noe,598287,2063.833,2119.1091,55.2761,0.015429804,0.019377474,0.0039476687,0.017403638,2091.471
532,ramirez,yefry,606162,2090.2207,2129.2969,39.07626,0.017111417,0.020762324,0.0036509081,0.01893687,2109.7588
533,ramirez,yohan,670990,2494.8906,2537.1863,42.295677,0.063509785,0.099475995,0.035966218,0.08149289,2516.0386
534,ramos,aj,573109,1923.9375,2030.037,106.09942,0.012901216,0.015804714,0.0029034985,0.014352965,1976.9872
535,rasmussen,drew,656876,2223.6875,2244.6628,20.975134,0.015584333,0.01870725,0.003122917,0.01714579,2234.1753
536,ray,robbie,592662,2010.0225,2085.1824,75.15984,0.05732209,0.093005605,0.035683516,0.07516385,2047.6024
537,rea,colin,607067,2223.7495,2266.9395,43.189983,0.054553647,0.0933588,0.038805157,0.07395622,2245.3445
538,reed,jake,596082,2370.0588,2389.3835,19.324594,0.016834153,0.020220723,0.0033865701,0.018527437,2379.7212
539,reyes,alex,621052,1987.2605,2027.7441,40.48374,0.017287055,0.02084359,0.0035565349,0.019065322,2007.5023
540,richards,garrett,572070,2104.8643,2160.9055,56.041233,0.027506894,0.038521525,0.011014629,0.033014208,2132.885
541,richards,trevor,670950,2292.4993,2333.4382,40.939056,0.0935135,0.14108191,0.047568407,0.11729771,2312.9688
542,ridings,stephen,670050,1973.4366,2059.7727,86.33611,0.0695442,0.11489419,0.04534999,0.092219196,2016.6047
543,rios,yacksel,605441,2502.4653,2539.253,36.787533,0.02480314,0.033415858,0.008612718,0.029109498,2520.8591
544,robertson,david,502085,2138.6963,2168.72,30.023561,0.015120274,0.018355336,0.0032350624,0.016737806,2153.708
545,robles,hansel,570663,2194.1467,2223.0386,28.891897,0.01607034,0.019421533,0.003351193,0.017745936,2208.5925
546,rodon,carlos,607074,2206.055,2273.7097,67.654785,0.010332498,0.012281094,0.0019485962,0.011306796,2239.8823
547,rodriguez,chris,669735,2173.8567,2195.954,22.097305,0.06662472,0.098555334,0.031930607,0.08259003,2184.9053
548,rodriguez,eduardo,593958,2178.9446,2220.4043,41.459908,0.04558368,0.056723673,0.011139994,0.051153675,2199.6743
549,rodriguez,jefry,622446,2073.7961,2106.8918,33.09556,0.01806144,0.022796161,0.0047347206,0.020428801,2090.344
550,rodriguez,joely,570257,2175.193,2228.9236,53.730675,0.046082616,0.07619889,0.030116271,0.061140753,2202.0583
551,rodriguez,manuel,655889,2102.499,2127.6577,25.158634,0.017417263,0.022447556,0.005030293,0.01993241,2115.0784
552,rodriguez,richard,593144,2189.06,2261.44,72.380035,0.07165653,0.092824,0.021167466,0.08224027,2225.25
553,rogers,josh,642028,2377.627,2396.3638,18.736925,0.015603182,0.018957911,0.0033547292,0.017280547,2386.9954
554,rogers,taylor,573124,1979.3584,2059.2852,79.92679,0.07036392,0.11848225,0.04811833,0.094423085,2019.3218
555,rogers,trevor,669432,2071.786,2126.432,54.645832,0.0106004635,0.013218681,0.0026182183,0.011909572,2099.109
556,rogers,tyler,643511,1966.6,2002.8754,36.275356,0.0097678695,0.012296959,0.0025290896,0.011032414,1984.7377
557,romano,jordan,605447,1901.0343,1947.0962,46.061867,0.014052016,0.016962754,0.0029107374,0.015507384,1924.0652
558,romano,sal,607219,989.7898,1040.5436,50.753777,0.0044551655,0.0060669864,0.0016118207,0.005261076,1015.1667
559,romero,jhon,664584,2214.4028,2253.0115,38.608578,0.08153046,0.13214895,0.050618492,0.10683971,2233.7073
560,romine,andrew,461865,2112.062,2192.5928,80.53082,0.079638384,0.12776087,0.048122495,0.10369963,2152.3274
561,romo,sergio,489265,2215.0347,2258.1582,43.12347,0.027258286,0.06197626,0.034717973,0.044617273,2236.5964
562,ross,joe,605452,2112.6426,2137.9165,25.273983,0.014626059,0.017455712,0.0028296532,0.016040886,2125.2795
563,rosscup,zac,573127,2353.5635,2376.6968,23.13317,0.013923082,0.016750125,0.002827044,0.015336604,2365.1301
564,rosso,ramon,665759,2210.9167,2259.4275,48.510628,0.026227597,0.035096467,0.008868868,0.030662032,2235.172
565,rucker,michael,621074,2196.4,2252.1494,55.749416,0.06678056,0.112826146,0.046045583,0.08980335,2224.2747
566,ruiz,jose,614179,2217.0554,2244.5378,27.48254,0.015462263,0.018805362,0.0033430995,0.017133811,2230.7966
567,ryan,joe,657746,2554.4792,2569.2275,14.748231,0.012741912,0.015065034,0.002323122,0.013903473,2561.8535
568,ryan,kyle,594986,2082.0884,2122.0835,39.995205,0.012417321,0.0146485325,0.0022312112,0.013532927,2102.086
569,ryu,hyun jin,547943,2121.1604,2159.4426,38.28215,0.010025992,0.012154665,0.002128672,0.011090328,2140.3015
570,sadler,casey,594987,2391.9646,2427.231,35.266273,0.09287904,0.14900716,0.056128114,0.1209431,2409.5977
571,sale,chris,519242,2176.591,2197.1494,20.558256,0.07715373,0.12785962,0.050705895,0.102506675,2186.8704
572,sampson,adrian,592716,2257.3047,2305.8926,48.587864,0.06638989,0.094332375,0.027942488,0.080361135,2281.5986
573,sanchez,aaron,592717,2577.9875,2648.5225,70.534874,0.017109508,0.020504972,0.003395465,0.01880724,2613.2551
574,sanchez,cristopher,650911,2387.0361,2417.419,30.382942,0.015677404,0.018425442,0.002748039,0.017051423,2402.2275
575,sanchez,miguel,667376,2045.4092,2112.589,67.17978,0.055132303,0.08402492,0.028892618,0.06957861,2078.999
576,sandlin,nick,680704,1937.9565,1983.0114,45.054714,0.048431423,0.08585154,0.03742012,0.06714148,1960.4839
577,sandoval,patrick,663776,2221.843,2243.1348,21.291767,0.07473754,0.116453804,0.041716263,0.09559567,2232.4888
578,sanmartin,reiver,665665,2159.0515,2225.1035,66.052155,0.046655368,0.06949646,0.022841092,0.058075912,2192.0774
579,santana,dennis,642701,1948.143,2015.1921,67.04919,0.08409942,0.12871757,0.044618152,0.1064085,1981.6675
580,santana,edgar,650828,2336.987,2384.6362,47.64927,0.07525337,0.122884385,0.047631018,0.09906887,2360.8115
581,santana,ervin,429722,1957.1031,2000.4894,43.386284,0.018223278,0.021893306,0.003670028,0.020058293,1978.7963
582,santiago,hector,502327,1783.7037,1805.2595,21.555769,0.026255652,0.03579006,0.0095344065,0.031022856,1794.4817
583,santillan,tony,663574,1808.0029,1886.2734,78.270546,0.08940553,0.120410316,0.031004788,0.10490792,1847.1382
584,santos,antonio,665733,2158.2988,2200.6733,42.37446,0.016519267,0.020054048,0.0035347813,0.018286658,2179.486
585,saucedo,tayler,642048,1953.1661,1989.5392,36.37306,0.042791884,0.06360217,0.020810287,0.05319703,1971.3527
586,sawamura,hirokazu,617228,1975.1243,2007.7463,32.622185,0.063581295,0.093636036,0.03005474,0.07860866,1991.4353
587,sborz,josh,622250,2224.0498,2269.578,45.52812,0.04877566,0.07947004,0.030694377,0.06412285,2246.8137
588,scherzer,max,453286,2148.4421,2204.5125,56.07042,0.06499031,0.10305678,0.038066473,0.08402354,2176.4773
589,schmidt,clarke,657376,2394.7908,2417.608,22.817131,0.01409376,0.017049327,0.0029555669,0.015571544,2406.1992
590,schreiber,john,670167,2034.8711,2115.522,80.650894,0.05714743,0.09268588,0.03553845,0.07491665,2075.1965
591,schrock,max,621011,2272.6401,2299.733,27.092802,0.07648268,0.123539865,0.047057185,0.100011274,2286.1865
592,scott,tanner,656945,1877.8833,1906.6167,28.733507,0.008782531,0.011217469,0.002434938,0.01,1892.25
593,seabold,connor,657756,2365.959,2406.754,40.794758,0.013713496,0.016367316,0.0026538204,0.015040406,2386.3564
594,selman,sam,572125,2276.3474,2303.8254,27.478073,0.056761112,0.09425822,0.037497103,0.07550967,2290.0864
595,senzatela,antonio,622608,2126.0613,2160.6462,34.584908,0.065339945,0.09238118,0.02704123,0.07886056,2143.3538
596,severino,luis,622663,2276.7837,2351.0566,74.27296,0.019431097,0.023366533,0.0039354344,0.021398816,2313.9202
597,sewald,paul,623149,2525.1572,2554.573,29.41599,0.0149416765,0.017913183,0.002971506,0.01642743,2539.8652
598,shaw,bryan,543766,1736.7207,1781.2954,44.57478,0.022072958,0.032162737,0.010089779,0.027117847,1759.008
599,sheffield,jordan,642068,2249.5498,2336.6995,87.14964,0.09156388,0.1454919,0.053928025,0.11852789,2293.1248
600,sheffield,justus,656954,2175.3843,2200.8499,25.465557,0.022523452,0.027169997,0.0046465457,0.024846725,2188.1172
601,sherfy,james,642073,2352.0017,2387.29,35.288418,0.021048255,0.024892021,0.0038437652,0.022970138,2369.6458
602,sherriff,ryan,595411,2047.3074,2075.5105,28.20318,0.012027256,0.0145810675,0.0025538115,0.013304162,2061.409
603,shreve,chasen,592741,2279.2236,2309.6592,30.435656,0.015697235,0.018704727,0.003007492,0.017200982,2294.4414
604,sims,lucas,608371,2377.9465,2394.727,16.780397,0.017280892,0.020805756,0.0035248646,0.019043323,2386.3367
605,singer,brady,663903,2441.1519,2464.4744,23.322365,0.011971868,0.014634931,0.0026630638,0.013303399,2452.813
606,sittinger,brandyn,670087,2168.2957,2217.1274,48.831776,0.018447684,0.022072421,0.003624736,0.020260053,2192.7114
607,skubal,tarik,669373,2392.1013,2450.005,57.90359,0.074693,0.11346955,0.03877655,0.094081275,2421.0532
608,slater,austin,596103,2170.6106,2204.3894,33.778767,0.020525072,0.024769587,0.004244516,0.02264733,2187.5
609,slegers,aaron,642083,2062.937,2105.42,42.483006,0.013565698,0.01601178,0.002446082,0.014788738,2084.1785
610,smith,burch,572143,2710.4585,2758.3696,47.911182,0.013311244,0.016263891,0.0029526474,0.014787567,2734.414
611,smith,caleb,592761,2281.2656,2363.0571,81.7916,0.051813614,0.08668442,0.034870807,0.06924902,2322.1614
612,smith,drew,622098,2114.8708,2160.3923,45.52163,0.015541225,0.018125692,0.0025844674,0.016833458,2137.6316
613,smith,joe,501925,2441.1677,2483.666,42.498188,0.015191567,0.018506922,0.0033153556,0.016849244,2462.4167
614,smith,riley,642092,2138.5928,2207.0957,68.50303,0.058493555,0.08605875,0.027565196,0.07227615,2172.8442
615,smith,will,519293,2264.9377,2306.6592,41.72144,0.063077986,0.087903045,0.024825055,0.07549051,2285.7986
616,smyly,drew,592767,1980.753,2038.4409,57.687828,0.015380565,0.018212792,0.0028322255,0.016796678,2009.597
617,snead,kirby,669912,2152.6208,2193.8489,41.22802,0.011816253,0.014547197,0.0027309447,0.013181725,2173.2349
618,snell,blake,605483,2390.7134,2433.1943,42.481068,0.015291523,0.018200573,0.0029090496,0.016746048,2411.9539
619,snyder,nick,676766,2497.7925,2523.76,25.967447,0.013281354,0.016127938,0.0028465844,0.014704647,2510.7761
620,solomon,peter,656981,2374.3528,2426.822,52.469215,0.017777888,0.02344212,0.0056642313,0.020610005,2400.5874
621,soria,joakim,465657,2350.4666,2376.7246,26.25818,0.018699896,0.022214735,0.0035148398,0.020457316,2363.5957
622,soto,gregory,642397,2395.7146,2454.1833,58.46878,0.0149418805,0.017981837,0.003039956,0.016461859,2424.949
623,speier,gabe,642100,2166.1274,2209.6907,43.56329,0.12088963,0.21357116,0.09268154,0.1672304,2187.9092
624,spitzbarth,shea,665661,2110.4248,2153.2627,42.838062,0.015500107,0.018839924,0.0033398173,0.017170016,2131.8438
625,springs,jeffrey,605488,2180.6716,2227.4968,46.825275,0.017453345,0.02431725,0.006863905,0.020885298,2204.0842
626,stammen,craig,489334,1722.7264,1802.6161,79.88961,0.011638712,0.014131564,0.002492851,0.012885137,1762.6713
627,stanek,ryne,592773,2169.5396,2206.912,37.372566,0.072355404,0.111928955,0.039573546,0.09214218,2188.2258
628,staumont,josh,622251,2103.0662,2137.8833,34.817245,0.021582492,0.026613403,0.005030911,0.024097947,2120.4749
629,steckenrider,drew,608716,2446.5664,2470.926,24.359539,0.01923074,0.022785839,0.0035550974,0.021008288,2458.746
630,steele,justin,657006,2170.8694,2220.0227,49.153282,0.08525041,0.124682665,0.03943226,0.104966536,2195.446
631,stephan,trevor,663986,2223.3796,2246.3196,22.939785,0.038418453,0.08038452,0.04196607,0.05940149,2234.8496
632,stephenson,robert,596112,2326.9214,2376.3406,49.419357,0.012702417,0.016055882,0.0033534646,0.014379149,2351.6309
633,stock,robert,476594,1884.4526,1922.6809,38.228203,0.061214354,0.10426784,0.043053493,0.0827411,1903.5668
634,strahm,matt,621381,2019.2046,2066.598,47.393257,0.0922376,0.15038335,0.05814575,0.12131047,2042.9012
635,stratton,chris,608717,1984.3677,2033.4418,49.07406,0.08144705,0.12867244,0.047225382,0.10505974,2008.9047
636,strickland,hunter,519326,2206.9138,2228.8708,21.956978,0.010505105,0.013206397,0.0027012923,0.011855751,2217.8923
637,strider,spencer,675911,2071.9126,2102.9597,31.047075,0.10366517,0.16048187,0.056816697,0.13207352,2087.436
638,stripling,ross,548389,2215.337,2241.137,25.800081,0.0542295,0.08364964,0.029420143,0.068939574,2228.237
639,stroman,marcus,573186,2256.9448,2291.3694,34.42447,0.09619513,0.14797486,0.051779736,0.122085,2274.1572
640,suarez,jose,660761,2529.4678,2550.6008,21.13313,0.015019465,0.017909959,0.0028904935,0.016464712,2540.0344
641,suarez,ranger,624133,2120.3323,2167.609,47.276615,0.016617216,0.019234512,0.0026172951,0.017925864,2143.9707
642,suero,wander,593833,2426.3867,2483.1372,56.7504,0.0113779325,0.014041782,0.0026638499,0.012709858,2454.762
643,sulser,cole,642121,1895.0033,1958.8663,63.86299,0.012451811,0.0150473,0.0025954884,0.013749555,1926.9348
644,suter,brent,608718,2069.5996,2109.4133,39.81385,0.013277551,0.016103877,0.0028263247,0.014690714,2089.5066
645,swanson,erik,657024,2140.8618,2166.4822,25.620476,0.013261465,0.016838983,0.0035775185,0.015050224,2153.6719
646,syndergaard,noah,592789,2282.7893,2309.4607,26.671583,0.047486432,0.05486587,0.007379439,0.051176153,2296.125
647,taillon,jameson,592791,1866.7671,1909.5848,42.817787,0.059266306,0.102938205,0.043671895,0.08110225,1888.176
648,tapia,domingo,593619,2166.9578,2232.7314,65.77363,0.075033955,0.1216882,0.046654247,0.098361075,2199.8447
649,tate,dillon,622253,2115.9062,2139.9602,24.05398,0.05387414,0.07388955,0.020015419,0.063881844,2127.933
650,tauchman,mike,643565,2170.019,2206.225,36.206104,0.08682489,0.11619546,0.029370576,0.101510175,2188.122
651,taylor,blake,642130,1949.7523,1996.0189,46.266644,0.079724856,0.12344522,0.043720365,0.10158504,1972.8856
652,taylor,josh,657031,2185.2803,2230.8054,45.525322,0.13775049,0.1931495,0.055399016,0.16544999,2208.043
653,tepera,ryan,572193,2256.869,2308.6912,51.8224,0.09656396,0.16324444,0.066680476,0.1299042,2282.78
654,thielbar,caleb,573204,2658.7039,2714.0952,55.39134,0.06187982,0.10673071,0.044850886,0.084305264,2686.3994
655,thompson,keegan,624522,2201.3416,2235.8232,34.48167,0.07816947,0.12264228,0.04447281,0.10040588,2218.5825
656,thompson,mason,666168,2199.6042,2226.6653,27.061146,0.07701182,0.122830234,0.045818415,0.099921025,2213.1348
657,thompson,zach,605507,1986.1886,2047.7424,61.553905,0.012976999,0.015457089,0.0024800892,0.014217044,2016.9656
658,thornton,trent,663423,2308.6038,2363.0269,54.423096,0.013969573,0.017112177,0.0031426041,0.015540875,2335.8154
659,thorpe,lewis,626929,2165.1514,2203.6042,38.452908,0.08228726,0.12839876,0.046111494,0.105343014,2184.378
660,tinoco,jesus,622786,2387.776,2417.6895,29.913528,0.013557553,0.015867261,0.002309708,0.014712407,2402.7327
661,tomlin,josh,458708,2427.2778,2459.8638,32.585884,0.09447401,0.15034443,0.055870418,0.122409225,2443.5708
662,topa,justin,623437,1985.9436,2033.7048,47.76133,0.09940701,0.15234874,0.05294173,0.12587787,2009.8242
663,torreyes,ronald,591720,2505.9077,2518.8152,12.907433,0.017926373,0.021543592,0.0036172194,0.019734982,2512.3613
664,toussaint,touki,657053,2083.385,2135.1348,51.749687,0.101553224,0.14887024,0.047317013,0.12521173,2109.2598
665,treinen,blake,595014,1972.7667,2074.5112,101.744484,0.08422537,0.13277957,0.048554204,0.10850247,2023.639
666,trivino,lou,642152,2179.2588,2231.3125,52.053726,0.16802108,0.26039094,0.09236986,0.21420601,2205.2856
667,turner,justin,457759,2212.0427,2240.6187,28.576065,0.012459381,0.014880235,0.0024208545,0.013669807,2226.3306
668,tyler,kyle,667725,2310.921,2345.515,34.594078,0.02264109,0.057668176,0.035027083,0.040154632,2328.2178
669,uceta,edwin,670955,2161.6365,2205.0264,43.389828,0.044661105,0.08141955,0.03675845,0.06304033,2183.3313
670,underwood,duane,621249,2034.5099,2083.8538,49.343773,0.042749424,0.057574708,0.0148252845,0.050162066,2059.182
671,urena,jose,570632,2448.5127,2512.6404,64.12757,0.012149119,0.01455645,0.0024073313,0.013352784,2480.5767
672,urias,julio,628711,2105.7134,2168.8337,63.12029,0.06425602,0.099037774,0.034781754,0.0816469,2137.2737
673,urquidy,jose,664353,2202.7795,2237.2642,34.484512,0.04668485,0.087372884,0.040688034,0.067028865,2220.0217
674,valdez,cesar,491624,2287.407,2313.1335,25.726547,0.017438194,0.022441192,0.0050029973,0.019939693,2300.2703
675,valdez,framber,664285,2262.5898,2296.1863,33.59637,0.009773174,0.012022238,0.0022490642,0.010897706,2279.388
676,valdez,phillips,570488,2169.9958,2183.2292,13.23352,0.014161921,0.016851263,0.0026893418,0.015506592,2176.6125
677,vasquez,andrew,607755,2079.8713,2151.2803,71.409,0.013901071,0.016980132,0.0030790614,0.015440602,2115.5757
678,velasquez,vince,592826,2233.4106,2279.125,45.71422,0.023960082,0.028365903,0.0044058207,0.026162993,2256.2678
679,vesia,alex,681911,2278.5972,2323.719,45.12201,0.012553302,0.0149205215,0.00236722,0.013736911,2301.158
680,vincent,nick,543883,2390.2603,2424.7231,34.46293,0.02045579,0.025288511,0.0048327213,0.02287215,2407.4917
681,voth,austin,608723,1924.6213,1984.4263,59.804897,0.05392263,0.09096766,0.037045036,0.07244515,1954.5238
682,wacha,michael,608379,2189.3916,2237.4224,48.030933,0.071515955,0.12377611,0.05226015,0.09764603,2213.407
683,wade,konner,592831,2253.1604,2293.9941,40.833855,0.015887562,0.019104637,0.0032170746,0.0174961,2273.5771
684,wainwright,adam,425794,2250.9648,2284.686,33.721104,0.013459984,0.01553886,0.0020788754,0.014499422,2267.8254
685,walker,taijuan,592836,2399.4954,2417.843,18.347668,0.012924996,0.016053801,0.0031288045,0.014489398,2408.6692
686,wantz,andrew,681806,2123.404,2155.156,31.751814,0.014271355,0.01755222,0.0032808634,0.015911786,2139.28
687,warren,art,605521,2113.618,2165.7056,52.08763,0.09429,0.1507787,0.056488696,0.12253435,2139.6616
688,warren,austin,681810,2264.7847,2299.4912,34.70672,0.020201089,0.02336309,0.003162,0.021782089,2282.138
689,watkins,spenser,657093,2245.6814,2262.6519,16.97034,0.0077925166,0.010117351,0.0023248345,0.008954934,2254.1667
690,watson,tony,453265,2155.8833,2228.2183,72.33499,0.065759316,0.111800194,0.046040878,0.088779755,2192.0508
691,weathers,ryan,677960,2229.4854,2284.4558,54.970684,0.10630672,0.17892358,0.07261686,0.14261515,2256.9707
692,weaver,luke,596133,2495.1191,2521.446,26.326942,0.1416658,0.19851477,0.056848966,0.17009029,2508.2827
693,webb,jacob,657097,2410.3745,2439.6113,29.236828,0.08913508,0.13937247,0.050237395,0.114253774,2424.993
694,webb,logan,657277,2231.011,2271.561,40.55008,0.016123664,0.019989276,0.0038656131,0.01805647,2251.2861
695,weber,ryan,543901,2263.1504,2288.8496,25.699133,0.015898319,0.01931365,0.0034153317,0.017605985,2276.0
696,wells,alexander,649144,2277.7012,2331.9521,54.250996,0.09546746,0.15524407,0.059776608,0.12535577,2304.8267
697,wells,tyler,669330,2176.7366,2198.8696,22.132957,0.011466993,0.013982511,0.0025155174,0.012724753,2187.8032
698,wendelken,j. b.,605525,2024.3657,2065.076,40.710247,0.10466576,0.14444606,0.039780304,0.124555916,2044.7208
699,wheeler,zack,554430,1975.344,1994.256,18.91202,0.008030565,0.010198901,0.002168336,0.009114733,1984.8
700,white,mitch,669952,1837.7874,1905.2521,67.46473,0.068703555,0.105382055,0.0366785,0.08704281,1871.5197
701,whitley,kodi,676831,2278.328,2308.7769,30.44899,0.012919751,0.015783248,0.0028634972,0.014351499,2293.5522
702,whitlock,garrett,676477,2373.6333,2406.0266,32.393547,0.08062257,0.12813774,0.047515173,0.10438015,2389.83
703,wick,rowan,592858,2266.6672,2306.2417,39.574486,0.005172453,0.006750051,0.0015775978,0.005961252,2286.4546
704,widener,taylor,642203,2253.1733,2279.2908,26.117466,0.049012996,0.06941617,0.020403178,0.059214585,2266.232
705,williams,devin,642207,2019.1838,2041.462,22.278173,0.016554983,0.01970896,0.003153977,0.018131971,2030.323
706,williams,taylor,592865,1756.0026,1776.0314,20.02878,0.043163024,0.07496401,0.03180099,0.059063517,1766.017
707,williams,trevor,592866,2290.8362,2367.014,76.17759,0.015831383,0.019159658,0.0033282742,0.01749552,2328.925
708,wilson,bryse,669060,2002.5323,2080.801,78.26861,0.09521863,0.11179123,0.016572598,0.103504926,2041.6666
709,wilson,justin,458677,2314.542,2355.5984,41.05652,0.2731298,0.38467836,0.111548565,0.3289041,2335.07
710,winkler,dan,595465,2182.0127,2207.4768,25.464098,0.008676165,0.010773745,0.002097581,0.009724955,2194.7446
711,wisler,matt,605538,2353.1252,2382.6375,29.512194,0.01402123,0.017206954,0.003185724,0.015614092,2367.8813
712,wittgren,nick,621295,2079.2773,2115.302,36.024513,0.014785942,0.017610807,0.002824865,0.016198374,2097.2898
713,wojciechowski,asher,592879,2148.106,2206.0325,57.92656,0.026245438,0.046155524,0.019910086,0.03620048,2177.069
714,wood,alex,622072,2205.6514,2264.8445,59.193146,0.031684056,0.044465665,0.012781609,0.038074862,2235.2478
715,woodford,jake,663765,1945.9293,1969.8372,23.90787,0.0120628355,0.014673575,0.0026107393,0.013368205,1957.8832
716,woodruff,brandon,605540,2302.4824,2323.9976,21.515057,0.015458389,0.018854424,0.0033960359,0.017156407,2313.24
717,workman,brandon,519443,2304.469,2339.4197,34.950558,0.051947914,0.08444717,0.03249925,0.06819754,2321.9443
718,wright,mike,605541,2324.162,2348.7505,24.588377,0.048450444,0.09837953,0.049929082,0.07341499,2336.4563
719,wynns,austin,642851,2091.2087,2122.9927,31.783987,0.058913823,0.09055452,0.031640697,0.07473417,2107.1006
720,yajure,miguel,664337,2021.1189,2078.8584,57.739563,0.02926406,0.03950268,0.01023862,0.03438337,2049.9885
721,yang,hyeon-jong,660365,2249.9263,2277.5078,27.581697,0.07715952,0.12352294,0.046363417,0.10034123,2263.717
722,yarbrough,ryan,642232,2355.0266,2412.1653,57.138794,0.014607919,0.017581526,0.002973608,0.016094724,2383.596
723,ynoa,huascar,660623,2286.2815,2336.8306,50.549145,0.018917479,0.023133827,0.0042163497,0.021025654,2311.5562
724,young,alex,622065,2344.1428,2389.0825,44.939495,0.012748812,0.015629822,0.0028810112,0.014189318,2366.6128
725,zerpa,angel,672582,1995.314,2044.5397,49.225735,0.16290182,0.23939453,0.07649271,0.20114817,2019.9269
726,zimmer,kyle,622092,2303.5332,2337.6465,34.11329,0.018221352,0.02206717,0.003845818,0.020144261,2320.5898
727,zimmermann,bruce,669145,2212.7124,2235.7522,23.039724,0.015702384,0.019194301,0.003491918,0.017448341,2224.2324
728,zuber,tyler,676604,1971.4081,2030.666,59.258007,0.087920584,0.13950063,0.051580053,0.113710605,2001.037
